reward,episode_len,loss
12.776895943562605,26.0,0.0
1.6486411637207488,6.0,0.0
6.974269225657645,16.0,0.0
7.5218882732766925,17.0,0.0
14.053563031703499,29.0,0.0
10.375857585899332,24.0,0.0
3.254706795792891,10.0,0.0
5.345969037820888,13.0,0.0
15.894601636445806,32.0,0.0
8.890204949741516,18.0,0.0
0.2922787339081343,3.0,0.0
-0.3514208046398619,4.0,0.0
0.005668222713399951,3.0,0.1017719308535258
1.6124158381693416,5.0,0.43787847757339476
6.642348190919313,17.0,0.327240955303697
5.26404966776537,14.0,0.34024164506367277
2.0729276726012897,8.0,0.2813726123422384
5.197122958060454,14.0,0.43306213510887964
14.93111845600599,32.0,0.3151754402788356
9.794895581184198,20.0,0.3438363872468472
1.9199653366672695,7.0,0.429724215396813
7.6023570673120675,19.0,0.3642392336930099
9.410483984673128,20.0,0.4391560174524784
8.872930541199352,20.0,0.4691535957157612
1.479049430618154,6.0,0.35612910737593967
2.7213637417557446,8.0,0.6794804111123085
12.730581720203581,25.0,0.47941662430763243
5.055918508873794,12.0,0.5061859165628751
8.775554017398191,19.0,0.42422920230187866
3.1987380607478952,9.0,0.5561696887016296
3.5149679273629877,10.0,0.5553287714719772
12.198545286874396,27.0,0.5302088139233766
14.91830388231809,29.0,0.579842277128121
-0.007107662928528491,4.0,0.6712832264602184
3.379121865215633,180.0,0.574299258283443
0.6749661263101338,4.0,0.4447447434067726
6.632326863913251,17.0,0.5484019850983339
4.053341127530272,11.0,0.5467931519855153
6.91095391309927,15.0,0.6698902726173401
10.96050813891074,23.0,0.48524467647075653
8.392725335316253,20.0,0.5306262571364642
6.691781014736211,14.0,0.5121677379523005
2.5218951424532494,8.0,0.577890831977129
0.8090175638150394,5.0,0.40527163743972777
25.7177354444059,48.0,0.7337182235593597
8.75190593057231,21.0,0.6182360684587842
-0.30380175702081424,4.0,0.6330218426883221
7.135659176745271,17.0,0.6452382241978365
15.589344953386243,31.0,0.6445761916618193
17.65666783533421,37.0,0.5825129743363406
9.469082813261943,20.0,0.6369308814406395
15.556800343088957,28.0,0.6456796154379845
9.088040129126222,19.0,0.7438357409678007
20.851950237912465,39.0,0.6020257572333018
18.24857262345728,35.0,0.5814269500119346
5.34408500329519,14.0,0.6137017267090934
6.0727333956885925,12.0,0.6384343082706133
8.48213446027493,17.0,0.7363847108448253
3.336137451446895,10.0,0.8218529909849167
3.734626690182244,9.0,0.6227973500887553
5.695085314194181,15.0,0.5562247067689896
4.91394320023182,11.0,0.7031159400939941
6.389915974433354,16.0,0.6956377327442169
1.5715884927201311,7.0,0.8547406643629074
10.686452052772713,24.0,0.6800230952600638
9.17871197727384,20.0,0.8531038194894791
7.246394699349983,16.0,0.7454788871109486
20.747438234456993,40.0,0.6447300001978874
16.223032037363225,141.0,0.5765642506856445
10.538763993390411,22.0,0.5904864177785136
13.419729832124888,28.0,0.5663419621331351
3.874172448810863,11.0,0.4454659006812356
-0.38655407851267354,7.0,0.4624407823596682
15.307360085870833,30.0,0.49048449148734413
9.708123409560084,23.0,0.4614973651326221
-0.49630740382038496,10.0,0.5308997303247451
7.495975863106257,18.0,0.4805639526910252
11.666157714728836,26.0,0.5015939829441217
2.5989411331854884,8.0,0.5714451409876347
7.268931665938563,17.0,0.5778986662626266
4.6263174877151645,12.0,0.7016866654157639
0.07776455608410893,7.0,0.5689634723322732
9.733318870824295,21.0,0.5620212320770536
5.382268441805011,11.0,0.5954752754081379
3.663985490712477,14.0,0.7127090351922172
6.800705467372131,15.0,0.6462660630544027
5.18833303577013,13.0,0.7894112834563622
19.013940528747565,36.0,0.6879914229114851
8.91283100116011,21.0,0.6820630814347949
7.704416719223769,17.0,0.6995116735205931
5.690887162818792,14.0,0.6609937995672226
10.218575123052762,21.0,0.7081961220219022
1.2031118949637463,5.0,0.6528287529945374
9.254470989476133,20.0,0.7015591263771057
18.445749268704503,102.0,0.6181790169839766
23.70708504194478,48.0,0.6364543832217654
3.4673721340387993,9.0,0.9207322531276279
22.820882170615143,123.0,0.6015510230771894
34.56652429859721,62.0,0.5012652263525994
31.840106760655466,60.0,0.48300188531478244
13.718057465762126,27.0,0.4636385766444383
8.795318571229506,18.0,0.42534854925341076
2.8549997024367983,9.0,0.5105599860350291
6.16016324477196,13.0,0.5102733694590055
3.958988018524588,9.0,0.4132414228386349
3.979049430618153,11.0,0.4377289888533679
23.172479485694616,86.0,0.5721797232711038
5.079497667826778,14.0,0.600313452737672
14.900263890353413,30.0,0.5260270689924558
18.235255734342758,36.0,0.5310048916273646
0.5035608310597144,5.0,0.5012778818607331
9.237823635666716,19.0,0.3974282145500183
18.854365613050355,35.0,0.5332422844001226
25.814531671731228,50.0,0.479923258125782
16.346550022777596,32.0,0.5852563567459583
3.381750959449896,10.0,0.5029614865779877
31.101700035532673,58.0,0.45250358458223017
6.445755419477921,22.0,0.38755540414289996
10.206349206349202,19.0,0.495063863302532
3.3652119535410643,10.0,0.5655289992690087
6.1467658346152545,15.0,0.35631527900695803
6.728096406762788,16.0,0.47033981420099735
4.616904464341559,13.0,0.389640857393925
-0.32155101473072367,3.0,0.3321819504102071
25.560324473313038,50.0,0.483484081029892
9.136353720962436,18.0,0.5083756744861603
59.22414347931668,107.0,0.4475456857792685
18.29426791832574,35.0,0.5418420063597815
2.5402580665631644,8.0,0.5792623646557331
14.680106779945897,43.0,0.4462925888771235
33.66490031952933,65.0,0.44936850162652825
17.673635287213006,36.0,0.441495134598679
13.083335420094667,26.0,0.5528302129644614
18.821578480347103,52.0,0.43417711126116604
7.277939941976054,18.0,0.38113364825646084
8.660719964194588,21.0,0.42125468594687326
16.60161832741341,32.0,0.590124893002212
0.9184804979925139,6.0,0.5752641359965006
14.419753086419748,29.0,0.5664609059177595
11.030195582030368,24.0,0.5544015405078729
16.013378047714284,32.0,0.4570036646910012
11.451522052988002,23.0,0.49831565890623175
24.43117712457992,50.0,0.5341279876232147
5.247243649614093,15.0,0.42284992734591165
8.619047619047615,16.0,0.42659929068759084
12.16590229542285,27.0,0.3853832615746392
10.643655721408393,23.0,0.44773841033811157
35.47100325239383,68.0,0.5506955203326309
8.899703398573683,21.0,0.5543383111556371
1.6350533595604024,8.0,0.47851610742509365
1.8598969951390152,7.0,0.29834486331258503
20.489917296553376,47.0,0.5058891712985141
4.1866162714075115,11.0,0.6157597167925402
7.2025877136930045,17.0,0.4832754196489559
0.7015656697949364,5.0,0.36962737441062926
4.6041881532815765,10.0,0.4056921243667603
4.455375649050357,14.0,0.5097706403051104
5.0797280326833185,11.0,0.3547854260964827
7.390204949741518,15.0,0.5581830203533172
7.91423458513927,18.0,0.5686290115118027
14.691814723753328,33.0,0.35676762664859946
14.093316844705262,29.0,0.44861007404738457
17.374433598033725,34.0,0.42384203063214526
6.637652155818802,16.0,0.5668474696576595
27.00004596850819,50.0,0.46949257627129554
7.895920308315367,18.0,0.3969162296917703
32.30699538188576,62.0,0.397220469770893
15.380342930275953,33.0,0.49999241621205304
3.441160060419249,19.0,0.4676835819294578
17.112918670980058,33.0,0.49704433435743506
3.9013462154979934,15.0,0.30208740482727686
3.003812838266187,7.0,0.3464457839727402
12.856919316870762,27.0,0.392008904505659
6.118301356504309,15.0,0.37046990493933357
14.526905147611666,32.0,0.42505521746352315
6.846234620164846,15.0,0.4139698306719462
1.0357455284756467,8.0,0.3974169231951237
2.4973279465197518,10.0,0.3830048844218254
30.728435310532113,69.0,0.4319726589365282
13.791498306590427,26.0,0.42041653853196365
10.194399261770712,24.0,0.4530907478183508
3.8038371791032595,9.0,0.4567330214712355
4.052557587079274,13.0,0.47723149393613523
2.1430889406320075,9.0,0.5088385409779019
10.034561193771378,21.0,0.4244993492251351
10.804063948232427,21.0,0.5417182246843973
11.928535574453395,23.0,0.4095450730427452
4.951772144112725,13.0,0.4172597195093448
53.20693227908724,99.0,0.42791988444749757
4.170601016364182,11.0,0.40644789825786243
20.52665031192365,39.0,0.5004638670346676
2.228758015046618,6.0,0.5637275030215582
8.200865586073672,21.0,0.5602691507055646
21.393989290208832,40.0,0.43423386812210085
12.486783593516558,24.0,0.4293529378871123
17.2063492063492,33.0,0.5540926984765313
3.76300840710059,12.0,0.6105239403744539
7.898631775706791,19.0,0.48418608778401423
8.307027187876937,19.0,0.4700199898920561
17.775874369147104,35.0,0.516901259975774
5.770328558344444,15.0,0.49142582217852276
10.364169761314098,23.0,0.44318572593771893
5.287859191574895,13.0,0.5913001665702233
11.275845290652336,23.0,0.4952407310838285
8.14280828898873,19.0,0.45812737941741943
0.5905879723332927,6.0,0.4564080114165942
30.222411357313888,57.0,0.4793171887857872
28.111237718278787,53.0,0.44098651634072356
29.442420207326418,57.0,0.609696234788811
14.16687826792368,30.0,0.5138149604201316
9.791042491683607,22.0,0.5346405418081717
26.34983308182759,46.0,0.48803961471371027
9.645670707278153,22.0,0.4308036687699231
5.161348447573131,12.0,0.4225085663298766
6.401460345696314,16.0,0.43688248470425606
5.776517938479708,15.0,0.45733230710029604
10.110107235358873,22.0,0.4522991549562324
11.263209587479093,22.0,0.41695683855902066
38.32697700733701,121.0,0.5022362373338258
7.051333995201163,14.0,0.5971550686018807
3.1521097116462813,7.0,0.46922209007399424
0.8099576359437406,4.0,0.38279350847005844
10.088003596851895,21.0,0.4941080304838362
21.504266832705817,41.0,0.5030157019088908
2.7045523830525457,7.0,0.7041621719087873
31.719809876978605,59.0,0.6134706831584542
1.098790800640066,6.0,0.6906759440898895
16.305506937944546,33.0,0.44874513510501746
15.24353993466261,32.0,0.40471892477944493
17.828140714102943,34.0,0.42382942227756276
16.139824514065342,31.0,0.4186485102099757
11.149567679426788,22.0,0.500298412008719
35.084293276120306,63.0,0.4642969322583032
54.16570884006574,109.0,0.3791585000009712
4.1766768071445615,12.0,0.31747529034813243
27.47961155231015,59.0,0.37640356386111956
24.100929777359227,49.0,0.4008986837401682
23.140331123011343,44.0,0.44831019335172395
10.199657485946103,19.0,0.32107492026529816
5.6147361535661,13.0,0.32152935747916883
34.87122197017632,123.0,0.36813020475996217
17.498205390211638,52.0,0.3905096515440024
16.94042214430357,32.0,0.38443129998631775
7.7237713396015835,19.0,0.4242977617602599
12.231857183446841,24.0,0.34257166770597297
4.808855176660705,13.0,0.3916696195419018
5.857904938704533,16.0,0.4198572039604187
26.860394119673224,65.0,0.4165493994951248
3.5576558089644985,11.0,0.3587955426086079
7.658156459281554,17.0,0.32010433340773864
15.265944891416106,31.0,0.3804438522746486
3.521888273276695,9.0,0.33975352512465584
2.931430382999106,9.0,0.34774867362446255
19.783785685487096,43.0,0.33908109834720923
20.059529153084483,51.0,0.4056597360793282
8.965016656868505,19.0,0.41337058810811295
10.260037460557506,37.0,0.4411944251608204
16.530473921446056,34.0,0.345615132328342
3.759440493696137,11.0,0.3934428935701197
12.083887057995184,26.0,0.3838066802575038
0.8439304142627981,5.0,0.37266108095645906
13.27032549920223,28.0,0.4444550062928881
2.4383342618482473,8.0,0.6295963749289513
11.852853955257999,28.0,0.5372677317687443
12.667948779868471,30.0,0.4550833165645599
4.159467855066841,12.0,0.3707229768236478
6.016634264900418,14.0,0.3567122689315251
9.537353525693304,22.0,0.4311144555156881
6.242135204915436,15.0,0.33066881000995635
24.08787487802472,45.0,0.37860405395428337
15.465996179818479,36.0,0.40135126147005296
16.97447410947765,35.0,0.37529501020908357
11.074685334525242,23.0,0.4343146500380143
70.61837618955262,136.0,0.38614211154772954
22.559027214650563,43.0,0.35942723723345027
8.82101114993284,21.0,0.46306461024852025
7.110292672718966,15.0,0.3291599879662196
22.44910889749395,46.0,0.37285241063522256
9.184583048624793,20.0,0.3887267827987671
16.572085637042708,113.0,0.37953990645113245
16.254315956910695,31.0,0.4442790857245845
16.873805934216733,34.0,0.3595813118359622
19.03144834807466,39.0,0.39842974069790965
6.470898909924288,22.0,0.33270729265429755
-0.17181757310250223,4.0,0.3453746363520622
18.972659952275645,40.0,0.3430523358285427
4.568464181413805,10.0,0.48900857120752333
8.173428238920886,18.0,0.3879906444085969
15.289527191153088,32.0,0.42747208708897233
9.023959635164436,19.0,0.38912318215558406
21.326588146875714,40.0,0.4391695611178875
4.041816208950541,11.0,0.38083823838017206
7.271132754954247,17.0,0.325115375659045
14.426571599801877,49.0,0.343680808890839
1.49013100058563,6.0,0.3417569746573766
13.300829801751426,31.0,0.31136221558816973
9.301587301587299,19.0,0.3148360087683326
37.80773692506699,72.0,0.32582290491296184
16.978015043796567,40.0,0.3716189552098513
8.321292850947092,58.0,0.36952498478108436
13.020517484060674,50.0,0.329950335919857
8.528890757770295,20.0,0.3227788083255291
0.32869040622552004,4.0,0.24367405474185944
15.668382463269168,30.0,0.31365815376242
29.958565245404248,64.0,0.35348707519005984
8.830384526557324,19.0,0.4254502599176608
25.87265348067035,46.0,0.33408779116428416
30.66170406000926,81.0,0.3275780224321801
25.797076610497818,49.0,0.3224833546852579
4.023279759930714,14.0,0.3835400183285986
49.07800998058853,91.0,0.3380322600459004
28.9652879188112,53.0,0.3296761788287253
3.9348717860407847,11.0,0.25281572206453845
5.674495236210853,21.0,0.40455834638504756
15.328806095476445,37.0,0.39450335905358597
31.759213273172307,118.0,0.346567053347826
2.051418288741071,6.0,0.5099182973305384
9.371255084053132,27.0,0.40692850009158804
28.25574691977077,107.0,0.3492931903244179
19.44947734293852,61.0,0.3767762846145474
22.424926428374953,45.0,0.41283534831470914
7.576142462852028,36.0,0.38645442037118805
44.177525854005886,81.0,0.4261770503204546
33.57514393984359,89.0,0.3528798014930125
2.0535630317035034,7.0,0.5031962820461818
36.22713702343859,111.0,0.374499670624196
40.695231862181465,101.0,0.3727959275688275
26.31260269798894,54.0,0.36627036057136675
46.21210483933167,125.0,0.32764702129364015
4.216192459394419,11.0,0.31135916438969696
10.886695685703497,30.0,0.40511596351861956
22.13924067787328,46.0,0.31319165974855423
9.763510924893735,29.0,0.3672431476157287
22.703663596174817,43.0,0.33155932173479435
13.082036305421383,75.0,0.3871119384964307
42.17297206767675,150.0,0.4042566941181819
6.843696979902262,16.0,0.37212875764817
8.35613319890274,16.0,0.3134010643698275
37.50208324486468,115.0,0.4130270654740541
17.233537401311985,35.0,0.40576028994151525
12.791595110767052,35.0,0.4051387735775539
7.010532818012677,17.0,0.29363525790326733
12.814303204986961,45.0,0.36948328680462306
6.48801491672299,23.0,0.43719098295854486
7.409665941041307,14.0,0.28630877818380085
12.016882280300434,22.0,0.4312181005423719
14.12155570011155,30.0,0.40463944474856056
0.9082147741928197,6.0,0.5104768673578898
10.870237692758357,22.0,0.502977229654789
16.394617580887402,44.0,0.40033317425034265
21.781475892191832,54.0,0.42158678477561035
9.604182852572421,37.0,0.4251665936128513
30.53187862020772,55.0,0.40513967709107834
56.77152260069678,149.0,0.3812813091798117
31.084902452709994,64.0,0.42266566725447774
15.802687049451777,33.0,0.4031148148757039
2.8563965945995466,10.0,0.28960155695676804
31.845270992517683,59.0,0.37296192726846467
21.65597776437346,43.0,0.34682661884052807
20.48141223323383,51.0,0.3661491663432589
40.11862477367083,70.0,0.3402213556425912
23.4049865493278,69.0,0.3192148427816405
2.0138106924770747,8.0,0.41487661376595497
5.684668486183011,14.0,0.376377281333719
5.946149420731778,14.0,0.3820853435567447
11.630736711718143,33.0,0.3875195654955777
1.4730136761153318,7.0,0.3246396141392844
8.504163916905327,20.0,0.4847246862947941
9.203105807833222,64.0,0.3157237011473626
54.528442647861056,128.0,0.3369656789000146
45.522222995354134,112.0,0.3722425644685115
15.23000953096469,33.0,0.3281835832379081
5.682050003932866,36.0,0.3493245881464746
8.777504924696192,21.0,0.28544131843816667
8.612428713464542,25.0,0.2837059670686722
49.12130368076458,180.0,0.3277079811112748
13.580475452439114,29.0,0.33636143443913297
30.873151420483435,61.0,0.3300029019840428
74.30256075495275,175.0,0.30687020293303896
28.35072411140876,55.0,0.3535027544606816
22.03924900570022,44.0,0.3239258913831277
5.7984198463656424,39.0,0.4192851109382434
60.36064676653381,155.0,0.35311911831940374
15.019744042228236,47.0,0.4165450185537338
30.073011312983137,59.0,0.3974643157700361
21.696130424565865,47.0,0.37231642578510526
16.418110386926017,63.0,0.3586268057189291
33.16899366146016,66.0,0.4127266427332705
6.109637971569757,15.0,0.33193399508794147
41.103195409362634,139.0,0.3519098895380823
30.799500229364515,61.0,0.323838971555233
10.258369909717352,57.0,0.3627230522402546
6.66820823474403,13.0,0.30086607428697437
24.071903818665227,103.0,0.40046813035184897
16.591213957527213,34.0,0.41965050337945714
30.94089757017955,70.0,0.3123204271708216
0.9802462173134097,8.0,0.22183973900973797
18.045487047821446,100.0,0.30411219477653506
4.202249144840064,12.0,0.32242879768212634
1.1005942820078647,6.0,0.460663969318072
35.65285546007201,104.0,0.3395072312022631
53.90676047337067,180.0,0.32371388777262633
12.421121075666138,24.0,0.2932477792104085
19.443653519515966,77.0,0.30093221443814117
20.458415100456552,89.0,0.28969521326630304
6.797931900324741,20.0,0.3321140371263027
11.956269584797244,39.0,0.27398913430097777
15.02846412966755,42.0,0.3043328777310394
7.056324174096908,18.0,0.2621743347909715
6.828497665427199,17.0,0.3225778718205059
8.325085492788027,19.0,0.3150951070220847
75.60582288851101,180.0,0.29600872836179204
28.811672308924116,78.0,0.3028314399222533
27.49927100178286,108.0,0.3089674240047181
37.12820693508923,121.0,0.2907369694680222
26.16505510462593,54.0,0.31384749213854474
11.149538971411692,22.0,0.3994833664460616
11.178078427359441,23.0,0.28322718357262405
18.89202160598668,35.0,0.3044879717486245
37.07268566674173,98.0,0.29036634559838137
30.598134899380376,61.0,0.27428774950934237
13.031936710339266,24.0,0.25746490123371285
45.80602476419203,140.0,0.32808110980050903
7.418316264357182,17.0,0.3545974050374592
36.60229185055659,83.0,0.338746543031141
0.5034949043807471,8.0,0.28716815635561943
40.370237612883436,97.0,0.32708112603610323
14.119150310055817,31.0,0.27002544148314384
15.109796853108316,39.0,0.30850130319595337
81.3268123566369,180.0,0.31129930718905396
25.61550513582659,50.0,0.31723369732499124
20.56255135361428,60.0,0.3534694816917181
1.1858377109060574,7.0,0.37363884491579874
62.91354716924513,180.0,0.32481256011459564
89.12681684122285,180.0,0.3271155245602131
13.521645687889485,37.0,0.3216522636043059
28.02815730054335,58.0,0.36506754108544054
13.185720899712779,44.0,0.2727870404381644
3.897530984104924,16.0,0.27974512428045273
20.715454705573613,107.0,0.28729725301822767
-0.49126799116927455,4.0,0.26503508910536766
5.098481023593807,24.0,0.34417255719502765
77.35394010962662,180.0,0.3195332907140255
46.72844658474338,83.0,0.3420587971986058
4.922385435505143,13.0,0.32860187613047087
18.452944133588137,76.0,0.28821073060757235
27.81879754978735,135.0,0.30630350201218215
24.810736904404806,46.0,0.2806225590731787
7.627843566398575,17.0,0.2412908607546021
42.51050976897893,78.0,0.33133810472029906
10.200503957040084,35.0,0.3756732165813446
0.931532789631736,12.0,0.32575344294309616
13.976885755638587,29.0,0.32827475512849874
14.911676329106102,46.0,0.3210299627288528
1.3438348558332476,10.0,0.34359111338853837
7.8122750453784455,22.0,0.330861627378247
21.49247945960713,80.0,0.319259440805763
16.304707042792742,35.0,0.30602944408144267
25.01607878368485,74.0,0.332418479428098
14.13590250637903,32.0,0.2528183930553496
19.06618865629431,41.0,0.3375749250010746
66.06459285091188,180.0,0.3907321566094955
5.645469293601934,12.0,0.37363594708343345
8.70553547417238,20.0,0.4838532119989395
12.240142994562285,29.0,0.4336001107404972
43.58333138940245,86.0,0.4149503862095434
10.539353221682742,39.0,0.3697966553079776
22.335133098601084,43.0,0.35580219120480294
46.21253254194019,87.0,0.3330958214984543
64.52521324381225,146.0,0.345945835062494
33.33296413745274,63.0,0.34360278326840626
9.62865247086824,28.0,0.3663426882454327
43.49541681266926,87.0,0.3389067743187663
16.020747275542153,31.0,0.3989581047527252
59.01162972120705,180.0,0.3502570933765835
5.17928424314467,14.0,0.5454718715378216
79.90598218601441,171.0,0.36910332421287456
6.737996865179294,22.0,0.3117434304546226
2.8474052122632014,31.0,0.3238202852587546
9.28549885786201,30.0,0.39740410496791206
61.35156446937228,143.0,0.3210138474832048
10.428065182862245,22.0,0.27587902782992885
18.155815876643377,58.0,0.32121321867252217
46.493678244108,123.0,0.2826061733369905
20.607822696551906,41.0,0.28399745211368654
10.570140444086306,27.0,0.30373935291060694
14.676507743941716,29.0,0.3613845356579485
32.7506346003914,172.0,0.315124292273161
12.489594506537077,24.0,0.2672042530030012
33.40669657102679,76.0,0.310993560540833
12.133519919808535,22.0,0.27503627233884553
5.136429425086833,13.0,0.26375337632802814
59.88777018678327,134.0,0.36046774496338263
76.38287496454745,164.0,0.2886603985708661
26.143930395227528,50.0,0.2735348092019558
3.0957722119470694,10.0,0.3228632017970085
36.61996242589724,68.0,0.28947162661044035
19.40541532373015,44.0,0.27844365466047416
15.632398354395121,76.0,0.34033260661128323
9.285519445332756,26.0,0.29609494713636547
-0.7287635617374453,3.0,0.19428528348604837
6.685230536075349,14.0,0.3127253460032599
63.70072032083824,158.0,0.3065401506669159
55.44168813165642,132.0,0.24124415376872727
28.342540535361525,51.0,0.2437558625550831
4.540314681554611,14.0,0.3426658372793879
7.892987878761201,16.0,0.3978567086160183
21.84510208974732,50.0,0.3300394286215305
20.397465512720707,53.0,0.27066373600150057
5.53928488957503,26.0,0.21829257246393424
32.750680270864976,67.0,0.263600235332304
47.32316712968255,114.0,0.26184099082622614
11.221170577837299,31.0,0.2970270310198107
62.575930103214226,113.0,0.3082655444741249
17.724853695832692,70.0,0.2932910222027983
4.965066275787366,13.0,0.35377445645057237
28.644026620678247,84.0,0.2824874934518621
51.386805608194884,96.0,0.30195176977819455
53.74890126959166,138.0,0.30436758275913156
5.516272751623011,13.0,0.34091339432276213
0.7898863103446281,8.0,0.34355679526925087
21.546891130025152,41.0,0.34061294412467535
30.015372348862094,79.0,0.32034150916564313
12.504619470757426,55.0,0.3569762716239149
26.0211394625172,58.0,0.33013743033696863
7.103714590128991,16.0,0.3621041518636048
61.631307882151916,120.0,0.417176938864092
62.20800703632253,180.0,0.32348047172029815
4.416864973793376,16.0,0.3495477931573987
40.290000843831216,102.0,0.30845290144868925
45.281733527422205,121.0,0.33680086164188777
5.098004486161367,19.0,0.26365462376883153
15.143411344305907,47.0,0.25205144951952263
38.40711351533091,119.0,0.27403854979436937
24.51825802205048,48.0,0.3134856854255001
48.925123240806656,96.0,0.2785966095980257
41.38573330123904,91.0,0.3152700751037388
37.50936494178344,72.0,0.27377255519645083
24.901773741996315,180.0,0.29719473732014495
3.1233370278146704,9.0,0.26398632840977776
2.67612747528176,9.0,0.30137843721442753
9.807729513874873,21.0,0.311334551799865
9.905980612316018,24.0,0.2633046827589472
34.22561097455235,71.0,0.32860945700339866
12.511368593928875,27.0,0.33350535564952427
47.46809557836471,96.0,0.31131283977689844
19.293752064547125,45.0,0.29998308055930667
33.03495642981078,75.0,0.28247765739758807
86.35136484347822,180.0,0.28347671458290685
-0.2617096003137356,4.0,0.169908557087183
13.539774935227875,30.0,0.2697298688193162
72.5382857124985,161.0,0.3217595527353494
1.4711377901520981,7.0,0.29041176182883127
25.776069325039593,58.0,0.2947391212500375
20.198312114845866,54.0,0.28903916892078185
32.08199659287057,134.0,0.26977265548350204
2.7748296503461947,11.0,0.3242593529549512
25.986282717303094,180.0,0.29336798050337365
30.217693943233172,55.0,0.412680321931839
3.859234566600657,8.0,0.2614352088421583
31.58050369454032,71.0,0.28961370623027777
58.037094623492735,129.0,0.3242135858812997
98.81437290501336,180.0,0.3612227353784773
65.68039506488826,180.0,0.33931208534373175
85.92551208006569,173.0,0.32862046533237305
39.03149809579382,119.0,0.2910411452420619
20.58432942507873,36.0,0.27296020401020843
25.976659103777664,67.0,0.31435081118078373
10.046423489855597,22.0,0.32120227881453256
31.774089186828512,60.0,0.27315176638464134
0.5584151386515948,5.0,0.29574639797210694
3.3920228002441855,9.0,0.2923731687996123
9.921638425229897,22.0,0.2686978561634367
25.99145935513604,54.0,0.2596717458908205
62.6613179466894,180.0,0.23750143258108034
6.603563162338316,25.0,0.23770418584346772
15.345738330633392,32.0,0.2799788920674473
74.72979374917873,159.0,0.25385563188004046
13.886469240953936,28.0,0.23624930983143194
63.35223124910182,124.0,0.25951975265577915
48.943515744164756,93.0,0.2739226584953646
88.04384068883802,180.0,0.28108677570190693
28.60191305907746,53.0,0.33146115265927223
12.25560967715608,24.0,0.28002551073829335
33.852131075665625,77.0,0.29718158500535147
25.598330861424223,53.0,0.30032774468637863
24.604422301843773,59.0,0.30803706812656534
23.113115687854226,53.0,0.2762329115901353
22.207445282567722,44.0,0.3688963248648427
7.7884113172343366,26.0,0.27253420049181354
15.114585701607092,28.0,0.2704401894339493
38.783828730475676,80.0,0.29031738052144646
8.472515985981556,18.0,0.2825356117553181
20.569565180766023,44.0,0.2583028393035585
58.17845362656119,180.0,0.354404977005389
88.99965535060161,180.0,0.26680227708485393
34.447780970213614,76.0,0.29500056773816286
24.39116589248158,57.0,0.24570025948056004
41.48254024284442,81.0,0.26428225360534807
2.8996001701607597,11.0,0.25815396959131415
45.6610508693295,108.0,0.2807508453864742
1.8311202750355458,18.0,0.2498914843632115
21.235459296828118,56.0,0.23268494036580836
20.28017896901861,54.0,0.2483657548824946
5.695022368470877,16.0,0.2961282953619957
0.0763488148880549,3.0,0.27301167448361713
39.759236378345115,74.0,0.2558816455908724
41.43487419325185,180.0,0.28431877853969734
36.94272369458123,68.0,0.27286875927272963
37.468152621239355,70.0,0.23818869101149695
16.314665448860723,49.0,0.27999083454511603
3.6598271106232865,14.0,0.2536058590880462
27.708757692898846,116.0,0.2817116069511093
29.34497141631042,55.0,0.2754161282019182
91.32523046937585,180.0,0.2767791236647301
17.13326859186471,31.0,0.25131255556498805
4.894317990707756,13.0,0.27162831964401096
33.5596947622143,64.0,0.2886627169791609
70.31214482835523,180.0,0.25210966428534853
20.38535404089607,96.0,0.2609990059087674
24.85562893617369,60.0,0.2478873518606027
23.758840755061023,42.0,0.2357274457989704
5.655114790260773,23.0,0.24602778385514798
24.211251469762665,51.0,0.25683457039150537
5.5490852835639455,24.0,0.29679336336751777
2.694013697585743,14.0,0.26929934109960285
6.4054716380964525,20.0,0.3368763938546181
12.985217240293924,45.0,0.3123304044206937
16.852554527245786,33.0,0.25509894436055963
21.764647288265355,44.0,0.2461095399815928
27.77393379441184,66.0,0.32435837546081253
50.26728321076449,98.0,0.2298223535169144
19.580945871328748,37.0,0.2366103670887045
26.754372795978405,52.0,0.21721053438690993
28.25010385399166,58.0,0.2679141817678665
13.490412954797868,32.0,0.27346953633241355
10.953931641098965,33.0,0.2699684190253417
40.39939104150568,93.0,0.19958880615811195
16.393284281432845,30.0,0.2602359655002753
27.03576047519421,52.0,0.2936135135017909
36.39875441336875,86.0,0.27592587237094723
9.948548186405528,20.0,0.21532353423535824
39.56490711554448,75.0,0.2330306232968966
78.73687307096208,180.0,0.23910878081288603
25.939631757146607,55.0,0.2626892255111174
13.291691264437913,28.0,0.23553458414971828
27.37140248457257,91.0,0.2860781139397359
3.9257874279827716,11.0,0.2643889066847888
26.33676208202012,50.0,0.2501851907372475
36.547983174798944,76.0,0.24562132093859346
77.80487106013622,150.0,0.2768433306614558
9.391664400047695,72.0,0.25443712766799664
10.002595798250953,22.0,0.35715665871446783
37.17075591541569,68.0,0.24162003441768534
30.87751233884164,93.0,0.24429820510008002
14.026549815739553,27.0,0.22321589304893105
74.48656137286103,162.0,0.28786679835599144
70.70744112156478,180.0,0.2515265286796623
19.537709366610056,43.0,0.2522119311399238
15.371258309341151,49.0,0.23203136406990946
48.61933155909029,96.0,0.24297132304248711
23.081305260106536,53.0,0.23624849952054475
19.98645706169564,38.0,0.22379901358171514
102.68683756600278,180.0,0.2652049200816287
17.632009132461825,37.0,0.2912541074124542
44.77564594964256,180.0,0.24134001690480444
15.216528326363218,45.0,0.2094177065624131
9.707093215408698,45.0,0.2464874996079339
17.95053957951916,41.0,0.21374023433138684
38.29395658844445,169.0,0.2510043226138374
6.43064712184515,16.0,0.21270764153450727
8.579083944297253,18.0,0.2917609049214257
11.683857896294011,51.0,0.2295398542694017
0.2440054587988585,8.0,0.2335091568529606
-1.0436570947735877,3.0,0.19748097906510034
77.48965556400304,147.0,0.2483707294628328
12.289172237137812,27.0,0.27259930554363465
36.82727770450263,84.0,0.2638722764594214
14.935089795965457,30.0,0.2537349025408427
7.853165793745024,18.0,0.36491472812162506
46.98597053339114,107.0,0.35659119229171876
27.723134261407115,57.0,0.2579092120653705
12.508913041010045,26.0,0.2424501868394705
94.20632761684456,180.0,0.22615789982179801
41.755673923692804,84.0,0.2722961695953494
38.46095962652459,96.0,0.281761738161246
23.449888450892114,44.0,0.23544982075691223
13.787824917736696,30.0,0.2759015289445718
21.47844898758465,41.0,0.23131479359254603
23.901426772878565,62.0,0.3023126168597129
95.65597681525766,180.0,0.2684426723668973
33.484715361138576,89.0,0.29133675297659434
7.8375194508683315,20.0,0.26646185368299485
29.368773299453878,55.0,0.25477439097382804
5.985109391352579,12.0,0.1769328247755766
47.39072623910663,94.0,0.2989854107194759
61.04196444189998,127.0,0.26609148120316933
40.50281793531102,77.0,0.2529839827836334
17.971554136930163,45.0,0.25289035009013283
20.70603897107176,38.0,0.26829195669607114
30.75916609512648,61.0,0.2776274249934759
9.29080163277541,21.0,0.27549574666080023
8.90688562250911,23.0,0.2207631229058556
14.275201058453295,28.0,0.2549029812216759
29.404404249202667,71.0,0.27238810671047425
6.756031405669585,17.0,0.2791864319759257
22.836710954615743,49.0,0.32267139061373107
45.54160067468147,91.0,0.2771803223333516
50.22248071747268,124.0,0.29529429136985735
6.521514634892947,29.0,0.26982722636954537
14.59052267439175,96.0,0.2691818818760415
21.581036337511108,41.0,0.2959525581540131
12.495573826264623,32.0,0.3073701912071556
33.25371165227197,74.0,0.2424138004111277
29.16886413991741,55.0,0.2314825937151909
80.962331201383,180.0,0.261006621685293
8.113172374353912,19.0,0.26895284103719813
2.1851395337918174,9.0,0.23304733633995056
19.824078226478672,41.0,0.27820478615964334
41.82229264415089,93.0,0.29739558091887863
13.528256380245942,26.0,0.3089915496798662
17.832472770330934,61.0,0.32224214687699176
49.88653921471573,104.0,0.2594886152790143
81.07958197190025,180.0,0.2691093712631199
10.796098786712156,23.0,0.2717721957875335
22.372968919399842,44.0,0.23951149901205843
10.890669769805431,27.0,0.2472925434509913
0.8732084558343955,6.0,0.23311047007640204
0.6650153113566506,4.0,0.3606150560081005
13.717299487822626,27.0,0.22962233589755165
65.32865699208836,119.0,0.2583592144631538
87.72116707254632,159.0,0.2705942800959701
12.88609831295452,27.0,0.2774785238283652
18.554262283341824,34.0,0.2650271566475139
30.461170993788908,68.0,0.24072786190492265
6.295672527772513,18.0,0.24761884845793247
30.777326191850417,72.0,0.33214621235513025
78.77129898754441,180.0,0.25730051131298143
7.118940153238899,18.0,0.18105844573842156
84.72873077268481,180.0,0.25264666266739366
37.66693377170067,102.0,0.2531857372937249
6.988383956262339,20.0,0.25210127905011176
19.016608851468586,35.0,0.2382945539695876
29.912294112596364,65.0,0.1989653853269724
66.15120416263042,121.0,0.23971122829628386
88.7138868486998,180.0,0.21278854608535766
72.7912508840736,143.0,0.2247046699578112
65.44534992954281,134.0,0.24143148880841128
32.50528704083297,89.0,0.2532558909962686
89.25411514335474,180.0,0.2737953707575798
78.48015390959699,180.0,0.23502202423082458
19.74751937606403,54.0,0.2651643966221147
25.09102146236259,46.0,0.269321169866168
27.115065089138632,53.0,0.3290695511507538
90.99008448333748,180.0,0.2965011167443461
19.811046740082563,39.0,0.24121255446703005
53.51768759324979,152.0,0.2491079588714791
43.66003287267669,86.0,0.24826754023169362
41.11678585221783,101.0,0.2623302337556782
6.202074415193704,19.0,0.29314568795655904
7.344359765133496,15.0,0.2224209467569987
38.7729614599865,72.0,0.3475703317672014
96.62567218244604,180.0,0.3090544728769196
33.18032610614495,63.0,0.32968049366322777
12.674201309963024,27.0,0.29942117272703733
97.49500293780947,180.0,0.2525890831525127
23.4208798987687,52.0,0.20878465201419133
59.03800330907177,180.0,0.23779818800588448
56.81778713926917,117.0,0.2597103685968452
3.6428769037244626,10.0,0.2213441714644432
15.225138009426644,30.0,0.29704669838150344
50.55755881600501,112.0,0.257776288714792
29.27684678690972,56.0,0.21427480004993932
4.19723940318461,12.0,0.14464359109600386
37.349949697246515,68.0,0.28096281200209083
61.982853159773086,180.0,0.2628180624296268
21.29392478778074,46.0,0.31175104496271716
18.266220372964135,56.0,0.3353333618225796
49.45396853900586,110.0,0.24499877654016017
78.23183187482967,144.0,0.224937011487782
71.15986505465338,130.0,0.22890200299712327
17.50287905773881,41.0,0.22040423478295162
24.442451249690993,56.0,0.2117738609335252
4.064232231848748,13.0,0.21274597083146757
14.18961770738786,28.0,0.2487377236996378
37.77662668302023,70.0,0.22290102626596178
86.61853505367999,167.0,0.24272708264653553
17.64008178200171,37.0,0.2598295354762593
23.252515901544605,55.0,0.294863170791756
17.43357929077884,34.0,0.20779007169253685
93.10099732482969,180.0,0.24274291758322053
48.173763686245586,106.0,0.2203159287993638
60.301426791170734,158.0,0.21812202484358714
31.131220448663406,55.0,0.22880699214610187
19.64321224443972,38.0,0.3142331005319169
18.11478880291464,100.0,0.27259543873369696
5.622481461234254,20.0,0.21422390639781952
38.17816867719347,80.0,0.20109580317512155
5.981811189001796,21.0,0.25093272434813635
3.67819554774133,11.0,0.19985760748386383
3.229332329780279,10.0,0.2033873900771141
23.190260285694254,128.0,0.24010712676681578
70.07613943684075,180.0,0.2612357233961423
17.59888530371812,35.0,0.18415732319865907
78.19625377033047,151.0,0.23699231278027919
26.112792163052774,62.0,0.1816566053537592
40.21800360751147,180.0,0.2504219247235192
31.176849910648624,69.0,0.27629825208282127
47.00769501047345,84.0,0.24129563938116744
55.948608624012465,118.0,0.22854755597852044
92.39417394327896,180.0,0.25362244471907613
62.26740562209714,112.0,0.2144147458353213
28.345275067333635,53.0,0.19742595854232897
10.593025339445362,23.0,0.26600846032733505
58.42111236071886,106.0,0.20235762520218795
103.28459680256181,180.0,0.2287445030692551
32.142028540638485,60.0,0.2574356437971195
12.880830366770377,47.0,0.23076322024807017
53.91536294949091,132.0,0.25078866043777176
20.63218291206547,46.0,0.18960263361425503
6.1029418278198655,16.0,0.182201589923352
19.686906647440125,40.0,0.22597267106175423
41.6087991017102,80.0,0.2622929989360273
22.347866804378313,43.0,0.1927133614933768
15.869693954089431,31.0,0.18596309952197537
18.354016455390756,41.0,0.21749980911249067
70.75539670029269,136.0,0.23591378232573762
96.78474610771208,180.0,0.21198581647541787
60.6339820136466,128.0,0.22149673706735484
33.86429709088617,73.0,0.18796343948334865
59.22169175733791,180.0,0.23882840397871202
23.903191283732166,50.0,0.19871582418680192
33.8413099974425,62.0,0.21940449589202482
11.411714713628761,22.0,0.23626046966422687
55.29698430104966,105.0,0.22535090322295825
27.24378830615344,60.0,0.21210466890285412
38.136164473655775,86.0,0.232851131017818
87.20723751445972,180.0,0.2100982688781288
31.93793738286879,59.0,0.1856810800352339
53.33516723001439,105.0,0.1962240959916796
55.83747644171495,127.0,0.2268563323016242
15.613812212911665,43.0,0.22737865028686302
14.408870656216456,28.0,0.17811924804534232
3.89038568529876,10.0,0.23158064037561416
78.38612426899418,180.0,0.21994831930432054
17.25809055222389,37.0,0.20874488887351914
39.23703795913531,101.0,0.19975098406914438
38.785407258431206,80.0,0.24136931621469557
15.797858153542048,31.0,0.21048918750978285
91.74330394362023,180.0,0.210880718090468
70.22770228989287,130.0,0.2491773709941369
73.44648386277838,180.0,0.25001865848898885
12.534208790962108,33.0,0.22995473071932793
85.20605010632735,180.0,0.20977695861624346
10.557869416998269,24.0,0.20024104447414479
6.560728789361607,15.0,0.17309660961230597
21.03164828107285,40.0,0.14481246750801802
56.283450982559785,107.0,0.20623405013128976
44.61117321108773,85.0,0.2340948175858049
93.02456243660184,168.0,0.1963533587265937
78.48578867337308,180.0,0.1843932114748491
42.43685208785455,77.0,0.2010618211193518
31.18633915826206,65.0,0.22630935076337594
92.85859981290126,180.0,0.22541543218410678
20.377538386998598,37.0,0.2260065410990973
5.130215703588542,12.0,0.1983618624508381
78.66019129629278,180.0,0.2515287886477179
14.743758836973075,34.0,0.2498790049815879
19.671069883297715,38.0,0.22350020667440013
13.899235472100923,35.0,0.2289801913712706
24.083171596663096,77.0,0.27003304389390076
73.97036863611972,180.0,0.23567757772074804
1.765735905028694,11.0,0.16208249465985733
56.899919546825565,111.0,0.2025262573482217
5.974287625338526,14.0,0.27178886479565073
96.67057670410895,180.0,0.20215417272928687
14.28568341089429,27.0,0.18389027262175525
19.872351521375403,49.0,0.19783515559167278
18.568562613025936,100.0,0.24603795059025288
5.939293875127268,14.0,0.1616401539317199
12.486890977150596,25.0,0.19585859417915344
23.04214870458339,43.0,0.21126929038139278
19.236874058966364,60.0,0.19441220859686534
16.149520573448818,40.0,0.22674696454778315
34.401238426667874,61.0,0.23429477630091494
91.68522396271284,180.0,0.21812718483722873
53.74372651581228,97.0,0.2005539607909537
34.616083563728814,81.0,0.21260551427617486
39.70737444817738,72.0,0.19209922782869804
56.54499759805623,130.0,0.2084484464274003
6.775753540659755,16.0,0.23540480714291334
35.13261152521334,64.0,0.19520947273122147
1.5004219151062985,6.0,0.17464005698760351
91.97612498303137,180.0,0.18657273780554534
34.673124576008,66.0,0.25344897705045616
32.886959193101255,64.0,0.18402947369031608
29.210130947818982,57.0,0.205279763461205
99.10442021504316,180.0,0.21465839099966819
8.052315287496512,60.0,0.22964636472364267
80.4995708839832,180.0,0.18744740165356133
13.530619315486145,28.0,0.21339761731880053
93.32651391314711,180.0,0.20605341382324696
81.70391246147894,180.0,0.21486293205784426
19.19221382716342,37.0,0.28763191079771194
14.72244212539584,29.0,0.2522949830725275
70.68036260943357,125.0,0.2295585977435112
37.37648426624547,94.0,0.22129356480659323
82.51999784883257,174.0,0.19967248691138864
80.88219553931937,150.0,0.20683459828297296
96.23591604156219,180.0,0.204134327152537
40.91944904971593,76.0,0.2421120702240028
22.545835365666786,42.0,0.23724135073522726
98.86216952149806,180.0,0.22637720780654086
79.94322820070585,154.0,0.19955424545937545
8.708560119558175,18.0,0.19039169409208828
4.287213386887004,11.0,0.3089897964488376
35.331326624775954,128.0,0.21454519356484525
100.62810068310384,180.0,0.19407157078385354
93.78407161358999,175.0,0.1926723550260067
64.9519613259118,112.0,0.19957001653632947
61.96553594941369,139.0,0.20304333445408362
100.34205506479762,180.0,0.24549123504095607
73.76415356514431,180.0,0.2571503998297784
6.953833012900804,17.0,0.24212137083796895
10.488263398160727,22.0,0.2267230281775648
37.81352515235629,66.0,0.1659991006282243
6.895943562610227,15.0,0.23672256767749786
8.380825626892609,18.0,0.24186104660232863
102.42124047578476,180.0,0.21831440246767467
30.149901326814255,65.0,0.24858248508893527
-0.22993882698509505,4.0,0.13582417368888855
94.95419275855856,180.0,0.2591391297471192
2.9232532094778945,8.0,0.22988880798220634
3.305567266730181,10.0,0.23711803033947945
2.3509320047627957,7.0,0.19750582426786423
8.537870583195557,24.0,0.16513901638487974
7.754690240933201,16.0,0.20395563845522702
102.9923951450857,180.0,0.24792255962060558
37.46100310057024,69.0,0.24124958409347397
100.51977034753585,180.0,0.24490074544317192
27.189925158888755,58.0,0.234336630922967
1.3798661038950426,10.0,0.21456809118390083
83.98424603623214,161.0,0.19695854561854592
5.934951887812973,15.0,0.1912071908513705
21.008789967788484,57.0,0.183675205367699
13.864715538556982,28.0,0.23742163607052394
4.019976757834101,11.0,0.2626091255383058
15.407328248711618,31.0,0.2400753406747695
22.543333904817263,42.0,0.20774367735499427
38.982494312884555,180.0,0.24689727694624
50.52737424001972,113.0,0.21403618806363206
22.65874132844295,46.0,0.2318656080118988
23.980491503966483,61.0,0.25824191604481367
103.26775761335468,180.0,0.24998784108708302
51.08684208062024,95.0,0.21989755030525357
60.6671497313636,109.0,0.18696136263395668
84.31231220839929,148.0,0.19535743273996017
35.23209339844013,74.0,0.2398757696453784
95.51984679862022,180.0,0.2393972366841303
105.37189145946867,180.0,0.2212653042955531
19.759544679108224,37.0,0.21140464495968175
8.588667872827152,17.0,0.25905676887315865
64.50871355743502,114.0,0.2316758514692386
32.40850715237333,78.0,0.21504911727821216
50.91715632354915,109.0,0.21761503890840286
27.34252676048936,50.0,0.2248081660270691
32.309870644881336,64.0,0.19818566093454137
1.3559295876633883,6.0,0.20849981158971786
73.39364161181402,128.0,0.28604601009283215
43.99940438172244,81.0,0.26072576200520553
12.084282280785558,24.0,0.1879114843904972
77.61724305277109,180.0,0.2349436095605294
41.4106148603147,72.0,0.2438960650211407
6.423889912299294,16.0,0.15810322528705
18.93127899283521,40.0,0.27427904643118384
7.72697666439146,26.0,0.21060645207762718
41.25296068267243,95.0,0.20263095623568483
28.219635246936875,67.0,0.21277373623269707
38.97268289926298,134.0,0.2072808851501835
94.22326456051059,180.0,0.21299778057469262
6.855116631820313,25.0,0.19198377817869186
53.015253095199206,96.0,0.19888379017356783
75.17544706673418,180.0,0.23193958517577912
10.785857833794672,25.0,0.19773995101451874
101.55115026590815,180.0,0.20854296154446073
5.485661898965608,16.0,0.24085734970867634
102.66139628869853,180.0,0.27826098516169523
64.54820154213854,132.0,0.23821116622650262
6.280936336549672,15.0,0.26462726593017577
12.118747670340005,36.0,0.2671819639702638
90.48838445933191,169.0,0.22495478493045773
9.272450583239722,35.0,0.20216170442955836
29.936354280322142,56.0,0.22124618970389878
40.3743336634411,79.0,0.22819376265323615
38.71827261656335,76.0,0.17471934854984283
79.12591931272394,156.0,0.23941479800030208
32.91549185494567,63.0,0.20406219765307412
74.29720465000584,138.0,0.20258677918193996
29.84044086911729,60.0,0.2561474610120058
53.61209123039497,101.0,0.2164252902390343
9.611992041889161,20.0,0.21730855740606786
37.218104722103135,74.0,0.21864196043964979
22.780238223491395,46.0,0.17674573122159296
5.530269509252571,23.0,0.23377972420143045
42.4143688537327,102.0,0.25287188962101936
4.78327411325834,10.0,0.37360108718276025
7.548659137605055,20.0,0.29944789186120035
47.73798847935376,97.0,0.2071541737880289
74.0806555277658,132.0,0.2365316114755291
33.3242667575936,60.0,0.22032688278704882
45.390452744225605,90.0,0.25021785638398597
8.976630991863129,31.0,0.25109014467846963
41.54476670521697,80.0,0.24909191485494375
12.041065681637804,34.0,0.2251847030266243
15.086268474323193,32.0,0.24909218470565975
29.612247771280103,54.0,0.26452152293037484
57.20499261216751,180.0,0.23767233563380108
14.665987743521725,29.0,0.22609631177680245
106.78499496232529,180.0,0.24373818422771162
14.825218860307965,30.0,0.21498136421044667
105.12254603983641,180.0,0.22215817442370786
47.62958344971884,88.0,0.25164192114872014
1.3243003278820034,11.0,0.21680001372640784
21.73599685260597,44.0,0.33718501132997597
44.03372899402103,101.0,0.24954442997084986
84.0878882808134,150.0,0.2193539565304915
15.149705371937252,31.0,0.24176059807500533
17.99414170371812,41.0,0.2819212604223228
35.23391876296362,65.0,0.21523761852429463
56.556987700403816,101.0,0.22849851227042697
78.32930636489613,146.0,0.20207376757713214
13.773307009593184,28.0,0.34104298268045696
17.30474625137853,30.0,0.27692280560731886
72.77998357593468,139.0,0.3060203864634466
11.307957586539162,41.0,0.2445530816912651
33.69628118166078,62.0,0.27125251845967385
94.94002595672156,171.0,0.250304694848451
18.277457177296498,79.0,0.22024509428611286
-0.2617563489975021,12.0,0.13818279591699442
18.393095357166654,50.0,0.17285910204052926
48.44234505202064,109.0,0.21212337210501006
7.511883150456112,23.0,0.25003675079864
46.76112841699012,108.0,0.277165913057548
23.432920131505803,43.0,0.2877406311589618
105.03755686997785,180.0,0.2765439708613687
31.189700592064952,57.0,0.2613539150670955
11.163776238515045,23.0,0.23713236852832462
86.72521115103454,180.0,0.22103323307302264
38.11118941579397,76.0,0.23082665903003594
9.712601199475907,18.0,0.20370170267091858
33.30797608937298,98.0,0.2919337593627219
26.65084352214818,51.0,0.29630470524231595
34.29454582885253,65.0,0.2609177753329277
101.25285307209685,180.0,0.2479114977022012
26.06642136074586,68.0,0.21853587732595556
11.604711916234262,25.0,0.21412895798683165
36.96960307996055,67.0,0.22726920691888725
96.87506024285082,180.0,0.24293762250906892
95.85903703019527,180.0,0.23236172772530053
4.660084699341215,13.0,0.23960855431281602
38.43275344540009,71.0,0.3006587096712959
38.08734759892659,76.0,0.2132171753695921
37.837445209217805,74.0,0.22687371759801297
15.051387517961384,39.0,0.17265071242283553
32.2651154427944,57.0,0.23574975773430706
80.43180692227158,180.0,0.26754346212579144
45.08437296180311,88.0,0.1923069526780058
76.42506751450834,151.0,0.2239695278471274
19.282279497329437,37.0,0.2308328417507378
87.85440216153026,180.0,0.19583813682612444
15.924330493175368,31.0,0.2685122960998166
0.15329917251976255,5.0,0.5381328880786895
34.1363288838162,61.0,0.25587807131595297
1.3596281244888277,9.0,0.29367944184276795
97.9960291223424,180.0,0.27632050870193375
23.741895279812745,73.0,0.2778856896170198
12.662417644458316,24.0,0.23626338255902132
22.25506601482975,41.0,0.2221716822284024
39.26104236605335,82.0,0.2115556845759473
42.609992589695786,82.0,0.22583947035415872
32.40378698040015,68.0,0.1782176227801863
54.83580622244559,97.0,0.19857150923038266
7.527280909017811,17.0,0.185126301339444
11.614817826000756,24.0,0.1887481560309728
14.805324776766913,36.0,0.20415684880895746
68.72807496672962,125.0,0.23758224812150003
11.009387291304039,36.0,0.3039191679822074
74.90232087067793,143.0,0.23753595112503825
55.806794491128166,106.0,0.2162492074915823
12.84998080978005,61.0,0.2202504351735115
41.26987427031536,73.0,0.23288728592738714
10.658971441236849,30.0,0.18672627881169318
32.476038402811575,66.0,0.2428854274930376
12.89195844791087,28.0,0.23610327818564006
44.76475187135268,81.0,0.21099142592262338
26.936355113659744,53.0,0.28260108659852223
11.062518575131982,30.0,0.21497985124588012
13.125774984289107,26.0,0.1390126860485627
23.82381847999774,46.0,0.21462518916181897
99.566306713932,180.0,0.19748594721572266
17.738033430837152,35.0,0.1744799569249153
14.428298025710093,39.0,0.23293627120363405
36.185653573060065,95.0,0.2201773937595518
32.78317980244257,61.0,0.22667149448248206
19.424734956984317,37.0,0.24515053287551208
24.906900665147337,44.0,0.19758183373646301
11.046538671060347,26.0,0.2824749112702333
53.93601521949677,145.0,0.22366333054057483
18.555518929487768,37.0,0.20244618142778809
81.87354625446434,180.0,0.21591210218353404
29.104284042816367,55.0,0.21455659432844681
58.3346030874485,120.0,0.20575737866262594
99.80001878665277,173.0,0.22555593698355503
56.581058526363876,103.0,0.23976958658799385
21.58724266305251,42.0,0.21929264902358964
27.73170968580171,80.0,0.21665883287787438
66.41779322309941,115.0,0.34107500930195267
100.11451958723981,180.0,0.1826317773717973
85.28412607994483,152.0,0.202875165930508
27.15452720981843,72.0,0.19543207923157346
98.99297626984267,180.0,0.20210792389180926
69.8518282528951,180.0,0.22637778777215217
87.1733869750053,157.0,0.1965229915822767
70.71846285287046,127.0,0.1693375157559012
12.519879484789438,26.0,0.21713402021962863
23.33599300246706,43.0,0.25655205556473065
90.0358955693494,180.0,0.1919024241881238
50.06079954463154,97.0,0.1997329553531617
9.103931767488588,25.0,0.2559076538681984
23.288983738680987,55.0,0.19004679701545021
95.78634430196452,168.0,0.19204135573956937
30.645607156776876,61.0,0.199292677286707
33.552196596222274,62.0,0.1581866528478361
55.416122622596994,96.0,0.15326881761817882
59.72021921289316,104.0,0.23248010999164903
47.66434556025396,119.0,0.206405485534117
40.649812777477116,79.0,0.19129402770460407
15.908380457230088,29.0,0.23156656337709264
47.309969157996285,85.0,0.19408963274429827
74.17933852009118,134.0,0.23182586736198682
35.23324148834119,69.0,0.20599822505660678
1.135656470515265,6.0,0.14281296854217848
97.73603746968148,180.0,0.20734794034312168
18.165910476166108,33.0,0.1926290054212917
0.2282772185221571,4.0,0.22015336900949478
80.88090647999962,180.0,0.2135797501852115
10.590733861731703,22.0,0.2092556008561091
45.94830828890548,97.0,0.19412436520623177
49.68459067758995,129.0,0.20910642792781195
96.22200245138575,180.0,0.2016255405007137
11.815025561346364,34.0,0.20056646152892532
46.42385708383952,85.0,0.2353979686165557
23.023904454439204,46.0,0.2577897520816844
97.38276995308219,180.0,0.21825773115787242
90.52964941567454,174.0,0.20043415865250702
9.520297581338479,21.0,0.2377908421414239
104.70740812306065,180.0,0.22501711178984907
31.384809626626456,63.0,0.2137678861026726
32.61175241985934,61.0,0.20667070712222427
36.889165281034735,109.0,0.18989706613601895
53.039510425834834,106.0,0.19718915589575498
90.20393491570648,180.0,0.2080232729928361
0.3566366114340873,4.0,0.3554875086992979
6.379305526242321,15.0,0.21982978880405427
15.245864284328214,30.0,0.20166843285163244
31.440057245581784,57.0,0.20651750331907942
20.88811755566361,38.0,0.21387964271401105
17.27827586515199,32.0,0.17459181020967662
87.58955377544059,168.0,0.21999723029633364
5.929930138797966,14.0,0.2279824534697192
30.285430430696053,73.0,0.18886452341732912
21.445374092751244,42.0,0.1976577037324508
36.13786235569551,67.0,0.2292270699321334
70.01048103977952,139.0,0.24378414709362195
102.28307457603387,180.0,0.2233816011912293
56.652338481685504,99.0,0.20843737843361768
35.372106737355665,75.0,0.22544921219348907
86.40688877010732,180.0,0.22997570004728105
103.88258784864608,180.0,0.19420421487755246
39.81972614015529,75.0,0.22357548773288727
11.533577429279077,30.0,0.18245274449388185
51.707532154864474,98.0,0.23192674845305025
31.710510615612716,58.0,0.17970374753249102
50.255138788875726,91.0,0.19125537222230826
40.01486358345244,92.0,0.21557939550636904
30.919713942859598,65.0,0.24032928164188677
81.11331826680573,167.0,0.2453219768797566
86.40019556773231,180.0,0.19142895065661933
69.79765528583275,143.0,0.2168771475032493
83.0388088261361,180.0,0.21553220918609037
31.58262943490267,66.0,0.16925726198788846
42.027126769228445,90.0,0.1840441395011213
57.92969107549487,104.0,0.20068281992840079
91.6732594416096,180.0,0.19771294477913115
91.50124250886765,161.0,0.20178014387070023
18.592989704902468,36.0,0.20871783192786905
39.01211659723537,72.0,0.17368370129002464
35.89217807566964,85.0,0.16766226142644883
9.106019997277883,21.0,0.2602310652534167
74.37048121909976,134.0,0.20835704520455936
12.120595757559823,25.0,0.2199488389492035
8.233686058895053,16.0,0.16566111473366618
20.513138219272694,43.0,0.1985538546429124
105.70939435675682,180.0,0.19848206417842043
15.332319927418848,38.0,0.201040922419021
4.272097904854753,16.0,0.2255484969355166
20.066074190408173,38.0,0.19361776221347482
43.58997218374167,76.0,0.21342090453560414
93.42809833011971,180.0,0.21382892183545563
6.686620259854759,15.0,0.19469497402509053
6.439171840732638,15.0,0.2079315572977066
3.394223760765281,11.0,0.3100086714733731
55.00070060081311,138.0,0.2170182455169118
2.4533275942546964,9.0,0.15503047903378805
79.3301594242778,142.0,0.20139273174736702
40.683585151762436,75.0,0.1952243220806122
72.42298202982221,173.0,0.20947276284067617
75.1127597366607,164.0,0.19479878155923472
45.93918490661545,84.0,0.2348335501959636
29.071846887309764,53.0,0.2511964079062894
43.8007908932897,82.0,0.2156840058543333
33.9452632654179,98.0,0.22056260195617772
32.47366296257351,59.0,0.24969211700609176
24.36449866228118,45.0,0.2176496747467253
18.31004540297062,34.0,0.18805796948864179
9.3311803965487,23.0,0.21610773063224295
6.291986368885252,16.0,0.26191297685727477
97.18498356796987,180.0,0.19798365771356558
88.19848093555758,155.0,0.21271531346344177
89.07558682356581,157.0,0.21602183309899772
41.744240957920745,93.0,0.22985067538997178
53.486627348959196,137.0,0.25658364327502076
40.459531197751325,70.0,0.20149922365588802
13.605168686202198,43.0,0.22819179954916932
94.46161501574205,180.0,0.2073179333574242
67.61091963537429,120.0,0.17512130575875443
31.570432447484166,66.0,0.1917539688222336
26.614073063939955,67.0,0.2499919513713068
6.121322595609845,13.0,0.17863530608323905
48.05318888602961,92.0,0.18542953325516504
71.2431618334893,140.0,0.19844177306762764
29.264351904708885,57.0,0.18484274317559443
34.080225527862446,69.0,0.20345411125732504
2.2521187106901452,8.0,0.25348769407719374
60.097845904090995,109.0,0.19274739804891272
10.676124814998433,25.0,0.22714099183678627
30.140580344323098,56.0,0.19727400543966464
77.41625136838307,136.0,0.20031404487021706
81.60197342250757,180.0,0.19986215142740144
63.14166104392532,133.0,0.20140195105757033
37.829510091052704,68.0,0.25524900294840336
49.00197287773197,84.0,0.21798238490841218
76.70195284561186,180.0,0.18690699150578843
26.839940598270676,60.0,0.18909373544156552
60.823028418307516,122.0,0.2237476566348408
5.785508921137826,13.0,0.2443776806959739
9.989253487222728,33.0,0.23576570776375858
38.26187563561529,90.0,0.24403657221959696
12.292736906767182,29.0,0.2658309669330202
12.963235226403699,23.0,0.18456747415273086
7.108351449264002,16.0,0.1471843714825809
17.224191312681157,33.0,0.19200856057983456
84.27169244910706,180.0,0.20893235713657404
74.52214604697467,148.0,0.20711739562653206
42.140824404503235,89.0,0.23387502259417867
22.92781524419805,41.0,0.27533477381235216
19.977508528047824,37.0,0.2819818278422227
34.172144288010294,60.0,0.19091250641892354
12.78516281564485,31.0,0.16237881803704846
19.783406276883763,37.0,0.190110696932754
89.32908912851501,180.0,0.1662764215014047
18.38701446732123,40.0,0.17259779842570425
5.715865475895693,25.0,0.1585199388861656
96.10756623965514,180.0,0.17590479124337435
81.30607880035109,140.0,0.1973409455003483
22.538167538840383,49.0,0.18501816765994442
6.169786499009866,15.0,0.1664571036895116
24.767768781284722,54.0,0.19921412374134417
29.604038228948472,103.0,0.2099047154549835
55.79012738049201,98.0,0.21856007572947717
9.15494572790518,31.0,0.21854103524838725
9.126609262572488,16.0,0.2854354605078697
3.229143812563718,11.0,0.35143630409782584
23.935963088733658,47.0,0.20140190501796437
16.778053927067507,34.0,0.21484912822351737
38.259286825599084,76.0,0.18916675203332775
33.00877910516569,89.0,0.20918570408660375
42.97450478282726,86.0,0.18337439596219812
67.59216227876587,120.0,0.21254209131002427
45.45430949280442,84.0,0.18544675551709675
97.69317089345577,180.0,0.19240957864870628
0.018658617373688458,4.0,0.1647649109363556
67.58340951247676,122.0,0.20060684018936314
83.22900409686198,159.0,0.19325045191641874
24.81357468403921,46.0,0.2056800390229277
92.36360065518426,165.0,0.21161628103617466
30.371094622216745,58.0,0.235728462066116
62.14164962599518,122.0,0.1832194465716354
55.82313318089691,101.0,0.16468214166193906
25.414252328596817,51.0,0.21125319760804082
28.005669392381872,52.0,0.16596363964848793
41.08618732221495,75.0,0.18945426553487776
89.17246007389151,180.0,0.211077330302861
72.49192490550075,139.0,0.2212871701972519
17.895527054493797,41.0,0.21075438744411235
14.391491490729727,29.0,0.1783415619926206
89.99242987097865,180.0,0.186076791687972
76.11554528761674,133.0,0.22125546975915594
18.22804328105886,34.0,0.17208993829348507
16.900054311175282,32.0,0.24408255121670663
40.714303878968614,74.0,0.23634609982774063
60.22224078845219,108.0,0.2341651609857325
49.87727137607072,90.0,0.21854199510481623
22.011166019566595,49.0,0.2351466265259957
98.61929451476584,180.0,0.21032804604619743
39.364849400390206,111.0,0.19952595774252135
35.46959850885572,73.0,0.21220899118136052
37.04451944235524,75.0,0.1875693781177203
21.803528917464213,40.0,0.2003638558089733
15.57746074535377,30.0,0.20257643163204192
56.42240261480393,96.0,0.2023764877812937
14.67803777939889,37.0,0.17162212467676885
97.17614926909484,180.0,0.20151097933865256
48.67542592241938,117.0,0.22415408183239463
4.751788222660669,17.0,0.2559201734907487
25.369576138500307,60.0,0.2280077384163936
70.11442291259019,124.0,0.21282542310655117
107.42735202813023,180.0,0.21989064673996633
74.37768639483606,135.0,0.17599542425186546
12.510126970865159,25.0,0.1461092196404934
97.28740612724039,180.0,0.19519909038725827
2.932274466518823,8.0,0.21652657631784678
83.05563821898251,146.0,0.21137028202822764
91.87566089610065,162.0,0.1652191297645554
27.209575397512737,56.0,0.19393718388995954
53.544365902605364,125.0,0.19054988777637483
16.62728676161094,38.0,0.22790032507557617
62.61877583939486,155.0,0.18836654150678264
4.649506419816599,14.0,0.1795306418623243
61.99383051389849,149.0,0.19220449970472578
10.829617482330312,22.0,0.2614868361164223
47.24225522285805,88.0,0.16001902338625354
13.441456782305078,27.0,0.18642662520761843
85.31979411037024,180.0,0.19493215824994775
7.367117926973032,16.0,0.16802063211798668
71.16475728816745,148.0,0.163366682550593
18.852878021780093,35.0,0.20570915532963616
61.71023652418314,111.0,0.2358979072992329
40.04954742962346,73.0,0.2001573963932795
54.25934812900155,95.0,0.19363229478660382
5.80767753320935,15.0,0.28310783008734386
12.542848674270637,24.0,0.23159667756408453
58.2752184254586,104.0,0.19389887827520186
91.64800859935573,180.0,0.15970768090337514
14.379253656124284,29.0,0.17227930395767607
42.414815784609374,87.0,0.194521715500574
9.375511455685523,20.0,0.2889013309031725
16.561384925836435,30.0,0.2508164847890536
56.45645520659495,122.0,0.19928861720884433
11.521453028509281,26.0,0.21539260189120585
46.87081044965986,112.0,0.17645497656693415
97.92452016231682,180.0,0.19146778302060233
96.50744556906119,180.0,0.20499776055415472
10.427102785865063,26.0,0.18513013838002315
21.916678283753292,45.0,0.16707863095733855
4.958029585857087,13.0,0.18379511340306356
52.977453393366574,95.0,0.18245667340724092
52.20599741272398,102.0,0.1639760145369698
-0.46764133540661823,4.0,0.1714887898415327
2.916032663000732,12.0,0.20695133383075395
98.05603492587254,180.0,0.20385833802736467
49.39206656593972,105.0,0.20708724004881723
65.46587408883157,131.0,0.19729932741695688
34.24192070177013,60.0,0.15367836790780226
60.31743069860193,128.0,0.18288203229894862
60.19518243017793,116.0,0.17088203626716958
44.6481107730604,81.0,0.21672256824410993
16.09501558023028,31.0,0.16760630400911455
100.42272669763851,180.0,0.18012536445425617
27.029583486782705,47.0,0.260504812477751
84.42641433381885,180.0,0.17315708787904846
5.9485423938401585,14.0,0.12920686921903066
13.794240880950861,28.0,0.2154367095125573
92.6391083191271,180.0,0.2090619850075907
55.880971845440165,122.0,0.15987985089543413
22.307655911313134,43.0,0.20498886825733406
104.57863854718852,180.0,0.21525780293676589
29.003994661739405,61.0,0.24331167938767886
98.59815687903266,180.0,0.16997993296633165
104.72602846025401,180.0,0.18683765611300865
95.28563592056365,180.0,0.19208981568614641
104.26546100705151,180.0,0.20965312737971545
39.59682001665334,70.0,0.18586345655577524
84.44018164332765,180.0,0.1764459625714355
24.069182853740678,56.0,0.24187645528997695
9.141560071266532,18.0,0.23636996042397287
8.056393484982383,19.0,0.19869463047698924
74.55488997964949,148.0,0.21881322635690104
51.26070286260477,173.0,0.2239205981954674
5.209696379828052,11.0,0.300290818918835
29.8763528465674,72.0,0.20246390677574608
99.48202231084964,180.0,0.21614238454235923
42.624847030249505,75.0,0.204679855654637
105.8357655660554,180.0,0.1869754994702008
6.652704562628706,16.0,0.15928896353580058
34.11194160497046,67.0,0.20207874493590042
50.33699690293536,90.0,0.22227197546097968
105.28592980503547,180.0,0.18437634187026156
21.45793684556687,39.0,0.24756564658421737
42.33367848058389,96.0,0.18852703925222158
49.38598228051957,93.0,0.19671465748901007
18.348655986226788,36.0,0.17151182434625095
11.901864574226543,30.0,0.21145990677177906
94.64153510417714,180.0,0.2032998870851265
4.207504995778171,12.0,0.15534057964881262
28.12457164545969,78.0,0.16623560511148894
5.328613777332896,11.0,0.19288422912359238
43.25937753663449,77.0,0.19603581450782814
48.84867832885562,84.0,0.19949096423529444
55.563068433150335,99.0,0.23176916365069572
107.828505062151,180.0,0.1933472111614214
106.13217081435069,180.0,0.2047802783962753
40.448269987709146,90.0,0.20483846167723338
44.193495765554005,103.0,0.16784168946222194
29.020376019583516,57.0,0.18088658310865102
13.42663401764781,28.0,0.1608263310045004
19.46485449392774,38.0,0.21762598247120254
57.2895911171857,100.0,0.17200099926441909
15.6204110574424,29.0,0.14763898903439784
97.14907529726567,180.0,0.15522361735088958
83.02893569282229,180.0,0.19258303073131375
5.197487411044443,16.0,0.1592620916198939
94.96528566848582,180.0,0.22979741477304036
19.93565840016353,42.0,0.20895936189308054
25.935784936637756,58.0,0.21021008523630685
17.89056168253221,34.0,0.17940191595869906
30.481107249530673,55.0,0.2243798781525005
4.850753389677702,14.0,0.2201784923672676
43.97887989766811,88.0,0.19453926287083464
75.03042701478391,133.0,0.20380740559526853
57.4094705643741,105.0,0.18466277409877097
58.587591029236755,148.0,0.18286266411981872
6.9667311443697555,16.0,0.1750163258984685
15.847641584409992,29.0,0.16964435037867776
39.879619723674594,71.0,0.15321131433609506
51.176441404459176,131.0,0.21694710663029257
55.39740303961273,99.0,0.1895343398656508
20.64419740906948,38.0,0.1926300502137134
18.045416763044276,49.0,0.16229017238531793
45.717461682017024,85.0,0.1904723972082138
17.15045651260728,34.0,0.17168402244501255
56.50162658617754,123.0,0.19198660888686414
48.51260537928758,86.0,0.18514663457523944
43.82129721068679,127.0,0.19743911036121564
48.80379353323374,87.0,0.28195262010926486
22.298436118415445,58.0,0.22553419263969207
6.112225904553498,15.0,0.23635200907786688
46.07927392968129,93.0,0.2150243040054075
25.692797494442374,82.0,0.2028514041860656
93.70292307391775,180.0,0.2120326036380397
29.447266466568585,59.0,0.1954144975012642
53.56167473641641,108.0,0.2585589211365139
16.321063648469888,35.0,0.16312686502933502
50.62145000317392,106.0,0.23185999614169012
42.69449104923202,79.0,0.228122515155922
21.54146242327597,82.0,0.20398687126069534
9.756011620059867,20.0,0.18295494094491005
51.5055082615272,86.0,0.20443657499759696
95.93582512233836,180.0,0.1897884627390239
23.831991743805517,45.0,0.2522710778646999
19.047685658994222,51.0,0.17899666580499388
25.543321484606206,49.0,0.20553049566794415
3.979206282986026,18.0,0.17292948853638437
24.07048522250116,45.0,0.19985661721891826
79.98234826205362,153.0,0.2055081348452303
1.5683093318766868,7.0,0.25245586569820133
15.04871072368715,29.0,0.2211102306328971
40.745961230204344,87.0,0.2139020766420611
32.2458767281644,58.0,0.23533361662050772
33.199262299320715,62.0,0.19721063430751523
23.963796776763523,44.0,0.19615747661075808
36.61201623328014,104.0,0.22372540931862134
33.93414659747085,60.0,0.21584254167973996
8.89546815246725,17.0,0.16986116416314068
51.973514394862,94.0,0.20173540953150454
21.866325712966972,42.0,0.1670468288163344
22.68300364377228,43.0,0.17572677118140598
35.67454470099828,98.0,0.2437479340528347
74.69606690104875,180.0,0.19906397871673107
96.14281284567086,180.0,0.21364131909277703
26.5364614196712,52.0,0.2499167615404496
7.986803023927703,56.0,0.22686871580247367
74.84881881164641,134.0,0.22824493456465095
35.01481348106877,62.0,0.21520403490191506
63.81705874754848,125.0,0.22653637397289275
35.17392621882729,84.0,0.19622847632992835
48.5719133907677,87.0,0.23596525483432856
105.96371950856532,180.0,0.20583012948433557
34.92056032357123,62.0,0.22979555387170084
81.2355121043708,150.0,0.2014646391570568
27.387477536992197,54.0,0.2146287094111796
71.52643474847973,164.0,0.1872929447762123
88.2954843801146,152.0,0.24973503358073926
88.3354851783239,153.0,0.20886629542299345
8.76029081243165,16.0,0.20235299970954657
75.42269413317507,132.0,0.20156273948536677
94.31782840185357,172.0,0.20954437850606303
41.482253155317004,89.0,0.1653928906981195
19.60387428858923,45.0,0.1745552125076453
57.277285255577205,102.0,0.2246486971556556
97.95863416819128,180.0,0.18724975347932843
72.88560404782734,180.0,0.208763221402963
29.010316111529587,68.0,0.16762586776167154
42.57938796869347,84.0,0.18985648781415962
41.79259434863702,80.0,0.16862784842960538
25.639487509056607,47.0,0.1963712580977602
5.731063389745413,27.0,0.1738937675125069
103.5861468361309,180.0,0.1880124838815795
6.664069914206362,16.0,0.20856560580432415
9.292626259987466,22.0,0.20469093119556253
19.78161920740742,49.0,0.20436628086834538
77.26551427808762,143.0,0.19677575495276417
49.99783518688882,85.0,0.19022493309834423
30.732576167658618,61.0,0.17591329309783998
6.033452335627345,15.0,0.2265510325630506
14.264590615555898,26.0,0.20624828453247362
62.35955897838953,111.0,0.2191751515408894
2.9684777447899435,9.0,0.13972160551283094
24.25914197954724,48.0,0.17969005438499153
37.474299114543804,75.0,0.20623572051525116
42.695354521668605,77.0,0.2143655838323878
90.44512700346831,180.0,0.2130793024475376
39.406679164564515,82.0,0.19178847487016423
12.579194312464084,22.0,0.14771894975142044
86.08259701205276,149.0,0.2433887622100395
47.39431529144043,83.0,0.2055400805660041
90.12276540461848,180.0,0.21155459663520257
22.053169134125444,42.0,0.19066872642863364
67.3154066337134,180.0,0.19652053136378528
89.01471403756953,180.0,0.1865883193910122
38.17707919886429,73.0,0.17286797551667854
61.11622680498052,152.0,0.19481475070413007
4.140900048939589,11.0,0.14373922889882867
7.5277808441017395,16.0,0.1569006689824164
49.39378101280773,89.0,0.15837595373224678
32.66452262061723,64.0,0.17772072844672948
17.34067739254482,33.0,0.19974076555985393
96.93875405384952,180.0,0.1556143178914984
58.390175187704436,104.0,0.20845268899574876
53.67038387647397,93.0,0.18769289953734286
102.86567833109427,180.0,0.18414956712060504
101.215171411635,180.0,0.18458064301974245
37.56786320199878,68.0,0.21369469264412627
67.49008245853945,156.0,0.1896037629638345
39.30984226862824,67.0,0.17916618793535588
69.85213012762796,132.0,0.1989928028461608
14.086111952858998,34.0,0.22567042204387047
7.5696639353830335,25.0,0.15053341820836066
53.077438030649134,100.0,0.19697781454771757
7.820275456247911,17.0,0.246080665027394
23.102731905523278,59.0,0.20755742010423692
28.51217959682179,53.0,0.2063973664815696
15.146733714342847,29.0,0.17024950991416798
84.9870364554645,153.0,0.2416795012997646
26.80371340734725,69.0,0.18591268603568492
43.0310409168287,77.0,0.1695260184442068
108.36663478649201,180.0,0.18875715792593029
28.222852819892157,56.0,0.19694562003548657
51.18014237712165,96.0,0.19780166361791393
49.87932461669589,114.0,0.2186891555197929
18.696194111873293,46.0,0.23635890755964362
17.56649147233775,33.0,0.20719721213434683
8.85500724375271,20.0,0.16397064849734305
100.76056228298584,180.0,0.20368670943296618
84.2826751734997,144.0,0.2052095935990413
66.70922426249668,123.0,0.1785644232560464
56.20179443361571,99.0,0.18763052931789195
37.97669163362741,67.0,0.22770282542750017
14.103083824174412,32.0,0.17849296983331442
32.022987361289694,55.0,0.21402665051546962
28.313792773469608,56.0,0.19596796822068946
93.79285368945914,165.0,0.19407038501266277
36.00956382416528,65.0,0.16224234213049596
69.54943712024023,134.0,0.1779846800630217
23.86453051307779,43.0,0.25176580198282417
46.02690753481487,77.0,0.195053537993075
9.063915053536913,17.0,0.18486174064524033
10.765959725862086,30.0,0.24381035963694256
14.864166235376418,29.0,0.1464401119998817
16.181261329469592,30.0,0.17769901230931281
42.71915889498855,79.0,0.19016005136544192
2.3685958611956313,7.0,0.21514765386070525
50.99308165689048,102.0,0.22066993383215924
94.37132739640273,165.0,0.19593809843063353
104.35990999748442,180.0,0.17503714931921827
98.56740556865594,180.0,0.19841148137218423
105.47128324382145,180.0,0.17015517368498775
3.596023791949186,13.0,0.16150763229681894
81.85112293913785,162.0,0.174005450013979
55.02211317392438,113.0,0.1697807837508421
65.60827880633803,114.0,0.17277371772287184
6.435820232570437,14.0,0.16940190164106234
10.291166174362361,20.0,0.14520225450396537
81.61345607796383,152.0,0.179143059312513
10.091651860108175,24.0,0.2189309069265922
99.51857363856604,172.0,0.20430616757204367
104.04129956051045,180.0,0.15797459580418136
26.178224367024285,57.0,0.18381070816203168
92.96655569446993,180.0,0.19113163453423315
32.11426664888319,62.0,0.16252063917777232
52.05157247478534,98.0,0.22328917321045788
6.172405167030004,25.0,0.12698965176939964
9.092321260462882,17.0,0.1884566786534646
15.039585215706117,45.0,0.19117800692717235
83.79325713218272,180.0,0.16849960788256593
26.320264531562046,48.0,0.1961373711625735
89.71678658045074,180.0,0.176132866471178
1.705775079559678,7.0,0.17941882567746298
28.92081696555842,53.0,0.15331656211670838
-0.33878337032040173,4.0,0.26235248148441315
61.80913305756865,113.0,0.19526384381857592
99.951306557326,180.0,0.22213343595051102
97.87198138593878,175.0,0.1643495172049318
25.431147454086098,47.0,0.19262297768542108
103.11335777015478,180.0,0.15947884004563093
99.9195261443857,180.0,0.21367460569987695
24.2717839675035,44.0,0.2064836871894923
20.151628815540683,39.0,0.220343185063356
13.330128123378723,25.0,0.21435600847005845
37.8386109855492,66.0,0.20087901231917468
106.81022409725544,180.0,0.22024736454089483
61.724102015998795,116.0,0.19223521646626038
101.64095927970298,180.0,0.18924014152338106
40.17901736127506,78.0,0.15260150722968271
62.69243327560872,166.0,0.16866205374609275
28.973493316476418,55.0,0.1772800427268852
81.84165080834376,139.0,0.20247357185903214
65.68779431640206,119.0,0.19180746526778245
54.11825754325642,114.0,0.21714688445392408
7.10025189356152,14.0,0.2106556658233915
106.04728052829475,180.0,0.20242530415869422
32.003314204105166,59.0,0.16011457940784551
99.84837655976912,180.0,0.21281577029989826
31.694627292855756,57.0,0.19056100555156408
11.616904464341555,23.0,0.16846502928630167
78.17428172704386,162.0,0.2015412030396638
34.19396550314381,66.0,0.17849058883659769
60.611284307040364,144.0,0.19489033688377175
99.60218441562938,180.0,0.1664777451298303
48.86571946606519,92.0,0.22275961214757484
35.76595580912425,63.0,0.18168300626769898
21.403186849188124,40.0,0.17827526219189166
41.698477711846415,110.0,0.19316577975722876
13.374993211020668,31.0,0.27849896804940316
19.990546094014128,46.0,0.18912549543639887
16.147161191872556,44.0,0.2056938215920871
2.4495362491986885,12.0,0.1510832787801822
36.255174181910796,68.0,0.17375982218586347
95.12868104623757,180.0,0.19262497967316045
34.00362057272082,75.0,0.18083298857013386
27.329315387922016,49.0,0.2078014835715294
46.05657318332371,103.0,0.19204391741636886
1.0375788818268346,5.0,0.14511716663837432
63.83750882448972,138.0,0.18992344835314198
27.315561047225536,62.0,0.1659020019034224
27.46000495589305,50.0,0.2080174198001623
10.442355558364088,38.0,0.17849154613519969
2.0729276726012897,8.0,0.28771555330604315
5.367206550036598,14.0,0.15298141645533697
11.17632062897139,29.0,0.22857784055944147
61.47160521069572,123.0,0.19800834038211562
97.48069610319513,180.0,0.18837154957776267
39.58780235598992,71.0,0.1935643527499387
14.800011888079437,30.0,0.17624955698847772
28.095752410141827,52.0,0.27341882397349065
4.26570979012568,11.0,0.19972785223614087
92.49614321958772,163.0,0.1796975855949832
16.537380643532916,30.0,0.1863624850908915
62.2517544732273,124.0,0.18762540721124218
106.86556682314531,180.0,0.1627190088439319
85.78271179175653,151.0,0.17854634990656612
22.596357211819956,48.0,0.18332778258870044
88.212902294216,162.0,0.1881710995034671
-0.6175485178748996,3.0,0.19957339018583298
18.84989687944188,71.0,0.18729835580772078
62.096231686540875,115.0,0.18395419593738474
32.702867575014764,59.0,0.2000488748110957
33.40694253972688,59.0,0.2022998663833586
10.896467640771275,23.0,0.18797699232464252
80.61638397900853,144.0,0.19484218665295178
47.511755910791294,85.0,0.19819377257543452
36.11855205792792,92.0,0.17934549571541342
47.21589474397242,88.0,0.18583611280403353
6.079774193416864,13.0,0.18576689179127032
71.61170835934513,121.0,0.17436656380487867
94.45133366968996,180.0,0.16935115218576458
105.57369485101107,180.0,0.17569181530012024
94.0535114678029,180.0,0.19529740965614717
95.11446341664892,180.0,0.18010613231195344
34.529800444655145,64.0,0.18105118576204404
8.923426427253954,28.0,0.2799532091511147
81.33775336359902,156.0,0.16596656841918445
92.97335463258355,160.0,0.13127845348790287
98.43281263672682,180.0,0.18745867429922025
102.82292251827464,180.0,0.17437680214643478
105.9689950421486,180.0,0.17021161143978436
48.213955765955156,85.0,0.16015116500065607
23.014232193057254,42.0,0.15817817353776523
16.731997813743064,32.0,0.18751640734262764
12.83102315149809,25.0,0.1677352473139763
74.6221897850118,180.0,0.16060437274475892
104.22572285233012,180.0,0.18476486028068595
38.94401463797624,72.0,0.16399582816908756
18.47821700390651,33.0,0.14814478621789903
108.12457680732794,180.0,0.14271160084754228
52.18083455375999,180.0,0.20467196053100956
26.956173733333394,47.0,0.20025231514839417
20.10815506956414,43.0,0.16135101574797964
90.06306781716734,168.0,0.15240224499610208
104.93164254511126,180.0,0.14665725874818034
102.6694850639943,179.0,0.1850242066150271
11.55477463667765,32.0,0.15898237063083798
4.9359010112162744,12.0,0.15502089199920496
27.207935290922098,66.0,0.1695949477566914
105.44928219339275,180.0,0.17694355761632324
27.300764479696028,59.0,0.15911337998458894
34.45941727448097,79.0,0.15533382214511496
66.00297130772557,142.0,0.16615993382645325
50.335155127121155,97.0,0.17297420216743478
21.497276685656345,44.0,0.18932169523428788
106.06444678132615,180.0,0.18232685909089114
99.6707557907342,180.0,0.15973946303129197
72.48756081862696,126.0,0.14591033561598687
13.06795267076205,26.0,0.12086903934295361
77.70708933103174,156.0,0.17515970499087602
65.45952942952647,140.0,0.17186399724866663
37.55845876844598,65.0,0.17508722515060351
66.293024003938,122.0,0.196151803049152
39.24453889449911,72.0,0.22696124845080906
19.027781229650607,36.0,0.15576049281905094
11.26176202717394,22.0,0.2536266737363555
63.49210038646325,109.0,0.1937599145559543
18.72294994173934,32.0,0.17672758153639734
64.6190483861635,113.0,0.2342305725720604
38.91564357620901,71.0,0.24537745669064387
100.21066423544414,180.0,0.1736170969075627
21.623137339871402,59.0,0.20787375597125393
17.3727727179016,31.0,0.26104762741634924
19.53130523885491,42.0,0.2035586896929003
106.29622810640753,180.0,0.16511491276323795
74.41578602379928,144.0,0.16707469484147927
26.536767925088117,67.0,0.1851556527970442
76.73555871263241,148.0,0.18935198953526244
47.708577095087826,94.0,0.17792658610863887
89.88194829827562,180.0,0.1609391910334428
38.60474138771547,71.0,0.15946906495472074
3.758542117783108,11.0,0.21426164257255467
68.3065223038134,124.0,0.15757464626503567
60.17352812719333,147.0,0.16323999774192466
37.184666360176436,66.0,0.21222228647181482
39.60788254948933,89.0,0.21549281749999924
106.26332593305057,180.0,0.1672667907964852
17.56192137893407,34.0,0.17543520186753833
106.65495255192324,180.0,0.16404604371637105
83.72062539054018,147.0,0.20153747243033784
34.51340790254989,59.0,0.23701782297279875
80.23494070298148,168.0,0.18476967435951033
29.71839944003254,56.0,0.26580404170921873
102.85446599196592,180.0,0.17829323599321975
58.927256276651256,109.0,0.23282129549925482
99.29496680948348,180.0,0.2302338239012493
10.53655098118198,30.0,0.19064091257750987
1.6974527842646596,12.0,0.2198668122291565
103.40482265618557,180.0,0.17202659141686227
6.4229789626239535,14.0,0.13471234536596707
42.32573452466019,75.0,0.14442009409268697
20.276503701103728,39.0,0.1635143977518265
66.726143545255,116.0,0.18030243376591082
23.487467415355827,57.0,0.1538884635818632
14.544050739737306,27.0,0.17944245399148376
93.87587298361413,180.0,0.1902329545468092
22.097596249398478,40.0,0.24553712643682957
11.962965643398652,26.0,0.23087107504789645
95.20218133389008,180.0,0.1794683501538303
23.762084495050956,52.0,0.1665183139535097
88.82441431301915,156.0,0.19789799357740542
97.10404676672057,180.0,0.19279760362373458
21.157920400754826,41.0,0.17492226556670376
93.06690680181863,180.0,0.18814376298752095
12.751971799392875,24.0,0.19626707335313162
16.336121200480374,32.0,0.15766001516021788
83.99496741269326,180.0,0.20289278688530127
22.827228642350576,41.0,0.17188478006822308
24.06817018704767,44.0,0.14954636999490586
69.26009879212548,149.0,0.1959556461430636
28.208107385568802,51.0,0.2321541332000611
20.186086596475622,39.0,0.1742108519642781
30.48244606479394,56.0,0.18934253403650864
7.913023744164166,17.0,0.18367572391734405
27.04038181004585,54.0,0.18816693161648732
66.3411831779907,115.0,0.18872459116189377
19.746216886390542,50.0,0.21473370917141438
106.66441439627579,180.0,0.19843170820838876
18.163745934775427,36.0,0.22572621123658287
44.72384809070017,99.0,0.19920637778411007
102.19676141246973,180.0,0.220462853461504
6.42285528309963,14.0,0.23045417852699757
106.68280546300721,180.0,0.2233591851260927
103.2463120076222,180.0,0.1695172243234184
107.99366519979694,180.0,0.17214420431603988
41.958654218938875,74.0,0.18141162299827948
69.3197282932528,119.0,0.18210714125708372
107.44266898698687,180.0,0.1822022159066465
103.98936526892328,180.0,0.19940442401501868
25.340667269714647,46.0,0.24574379412376363
19.94663292705223,37.0,0.2311912482050625
39.032248400275186,69.0,0.21491934925965642
8.583493688796613,18.0,0.15207177524765333
3.802659561680955,11.0,0.16833299195224588
1.9827581125478844,12.0,0.21684313596536717
104.76500694125555,180.0,0.20045196217381292
16.59559792665257,29.0,0.19832497642471872
47.56378559382377,89.0,0.1956537211878916
47.540006268004646,84.0,0.20216029177286796
35.617894162042376,78.0,0.21341904439032078
11.267668537756629,26.0,0.2161369607425653
34.89475667685454,73.0,0.208276027226693
63.31570439539689,162.0,0.21451799704888722
0.4430435300034322,3.0,0.14156660437583923
36.66283007447699,65.0,0.1783579093332474
22.518030694283862,43.0,0.19287563089367954
1.7620389421897493,8.0,0.2335669044405222
15.635750933388584,30.0,0.15754970548053582
35.54930030161723,61.0,0.2260952533879241
50.76145072527315,100.0,0.19977704223245382
102.28300438464646,180.0,0.19963044803589583
106.9561209202624,180.0,0.19277434673988156
37.96686337802429,67.0,0.17890472237521143
29.47829775234373,52.0,0.19191004608113033
10.940803753815853,25.0,0.14426879912614823
34.788233045734366,82.0,0.1906908015470679
26.52130043917384,50.0,0.2034746376425028
25.534707465565248,49.0,0.16725455863135202
102.07378049043625,180.0,0.17996389861736034
20.969807081773627,50.0,0.21620216071605683
96.57531693505256,172.0,0.20052024488185727
12.279042325566401,26.0,0.20931990989125693
34.34805906180458,78.0,0.21920752262648863
36.738359495818194,90.0,0.1880037233647373
98.50590104916989,180.0,0.19310731918861468
44.84430176457996,80.0,0.18254542406648397
16.955523132586233,37.0,0.1595999061859943
83.19673946860972,160.0,0.1906656303210184
33.49526074770844,86.0,0.17178587043701216
4.469932607500416,10.0,0.16126835457980632
36.01996966313667,64.0,0.21674795472063124
38.72826858320757,71.0,0.20150765015835492
15.8481886841468,30.0,0.20980435311794282
61.6603093014874,128.0,0.18292860322981142
104.61214136212294,180.0,0.1505413977843192
55.29661765190182,115.0,0.19658873327400372
105.99094556737585,180.0,0.20261286879993148
23.714428301202773,45.0,0.16286129868692822
16.92147607284235,39.0,0.22001394085012949
107.36670587876756,180.0,0.1918181878204147
107.6708090004054,180.0,0.1535505975700087
75.26892921129908,180.0,0.18928882961885796
31.186114188990384,56.0,0.20626350059839232
76.5801692730162,167.0,0.16836007702314926
29.72821056392992,53.0,0.20568691411951803
100.0183421439657,180.0,0.15490424008005196
11.340538944823848,30.0,0.156565223261714
77.93633250164041,135.0,0.1793116722393919
2.6813259654289836,9.0,0.15436749822563595
107.43785720219819,180.0,0.1960427807023128
65.18409882820364,122.0,0.2111439943374669
105.99963828446322,180.0,0.17862070980999206
96.72412019130228,180.0,0.15440671145915985
66.7376739364882,117.0,0.14965392493157306
97.83992481742109,180.0,0.18118337417642275
40.42529233569326,88.0,0.18139795840463854
104.80255131137675,180.0,0.1277516453526914
56.06529813020791,126.0,0.1956032035901906
97.69665041835405,172.0,0.15682211604922316
106.27645309097711,180.0,0.1387363007499112
102.41664492286452,180.0,0.15717731145107083
105.77086617786097,180.0,0.17477782381077608
33.85242338791561,66.0,0.17027599567716772
9.142113884557778,19.0,0.1462535336613655
93.62353737665276,180.0,0.15736995186242791
95.89825669487779,164.0,0.16891053212215987
44.63283947185824,111.0,0.1714874149241426
34.92881576140905,105.0,0.17362091605152402
101.3488686950284,180.0,0.1528067834675312
28.135020693099516,53.0,0.21394365421443615
11.372184383537116,31.0,0.18711219956317254
8.25601745561277,21.0,0.2156346401288396
24.460440143825565,45.0,0.1881531967057122
77.70852381496778,138.0,0.21440212809197282
66.46865276967257,123.0,0.22800134613019665
100.65464550723853,180.0,0.20815070064531432
26.663366286671604,57.0,0.1596553422379912
15.305686180639055,29.0,0.1878819651901722
39.04875799530378,67.0,0.1733896567750333
25.511003248606826,57.0,0.16313612055883073
96.10787130727408,167.0,0.17593736848431432
98.14640362723789,168.0,0.15055661127414732
0.07309115708706493,5.0,0.14800152629613877
22.4919209840778,58.0,0.14982024721544365
61.594641618370844,107.0,0.16827045938121937
103.29756041892213,180.0,0.15383501504030492
109.17307659580632,180.0,0.1644643547427323
103.97268333134744,178.0,0.16976780212076192
81.15444824598049,180.0,0.1664112843780054
6.51592974622265,16.0,0.139792570611462
105.93020709683866,180.0,0.1718416258899702
17.03785715555164,34.0,0.19694671155337026
106.56695693064108,180.0,0.1773116714010636
70.9907916554541,131.0,0.19287933801649182
68.63598451679816,118.0,0.16221323183153646
103.99128968382198,180.0,0.1869464910692639
105.36704777738814,180.0,0.16759958325160873
51.9133401692563,91.0,0.17212145922930686
60.69296169815895,103.0,0.182110333543958
35.969409710171725,67.0,0.1637943858530984
101.4353774110463,180.0,0.1842570362612605
38.66939268241296,70.0,0.17923842961234707
8.319679531829893,18.0,0.21527868509292603
15.082355088784686,38.0,0.16054576635360718
106.61353747777487,180.0,0.1549413775611255
101.72326344101467,180.0,0.16293636221024727
33.86750763316532,92.0,0.1955649453498747
26.96990928289605,49.0,0.18919801514367668
2.1854778463322972,8.0,0.18152694590389729
9.08748782945814,20.0,0.12991637066006662
36.19529845835627,75.0,0.13025153577327728
78.17630652606051,136.0,0.18515617789371924
78.76875467099434,180.0,0.19037349311014015
72.33803950265951,129.0,0.1822248511016369
106.50593461804716,180.0,0.15496353384935194
24.90124159273123,48.0,0.11996761220507324
60.63033078720089,115.0,0.14802737284613693
98.51034306082909,170.0,0.1640877672635457
17.022352375026504,31.0,0.12444377870809648
31.984002912726123,59.0,0.14482030285111927
8.52082821145147,19.0,0.1353317918746095
10.196503985441868,21.0,0.1541864579277379
89.64702131415012,157.0,0.19312912304025548
42.06679710525992,72.0,0.19797857229908308
94.60836960045313,165.0,0.18821172750357426
79.63441125506978,147.0,0.18615370943230025
106.2984561455,180.0,0.15753728426578972
71.6623790100472,123.0,0.15010998455610702
89.61609273951763,180.0,0.1677267465947403
106.70189073360557,180.0,0.15950865257117483
79.32130908624127,140.0,0.2324741644252624
105.40560088296748,180.0,0.16368898113982544
91.01801082164822,180.0,0.17071333749012815
78.90548234759387,156.0,0.1515988240687129
104.06112060883558,180.0,0.1717729618979825
3.454568418475033,9.0,0.20141418940491146
54.48008228693854,123.0,0.19610066024389694
76.35303435941906,130.0,0.18172514278155108
8.567389770401377,18.0,0.17502262857225206
57.316476802343765,111.0,0.1567441732161217
29.833618677697164,55.0,0.13064186105673964
83.43047948003195,143.0,0.15460923116107086
12.484233848586538,25.0,0.15122560158371925
110.14355986101957,180.0,0.17383952364325522
68.46508563467363,155.0,0.18883378597036485
5.356396594599547,13.0,0.2001309566772901
107.18973703012915,180.0,0.18910732037491268
6.794942278763771,15.0,0.1525271880129973
46.112798172803615,80.0,0.16753607573919
107.09873374019872,180.0,0.12774671415487926
107.85240527915667,180.0,0.13598228063848283
106.20585353866468,180.0,0.149655132368207
56.2735016565441,100.0,0.1464629425480962
107.01999509779081,180.0,0.1522767558383445
24.435902174788765,43.0,0.15195562560544457
3.783870561768168,10.0,0.14140954688191415
40.825633230933846,72.0,0.13959592301398516
21.19949358498885,38.0,0.21214353979418152
73.12673715496825,124.0,0.1909070538897668
47.885437634879544,88.0,0.17829266012730924
96.46604566677033,180.0,0.17692922281308307
56.072147787130575,104.0,0.21377473310209238
17.95452383587195,45.0,0.15804670312338406
29.32743988497851,51.0,0.22279756114471191
17.69657787550341,32.0,0.26014986261725426
80.88939181618616,139.0,0.1629156585273554
99.3789432804253,180.0,0.1654101463034749
105.38988158122591,180.0,0.1750590628426936
14.887671080530716,29.0,0.12958981957415056
48.87369122078623,118.0,0.152169498630752
34.0320983638351,65.0,0.13899392485618592
45.56242625900727,81.0,0.14557305820010327
107.79804679538672,180.0,0.17909751805580323
37.75204096886134,87.0,0.16683619315254278
38.355017102547436,72.0,0.16506656750829685
