reward,episode_len,act_loss,crit_loss
-1.6676863993728497,11.0,0.7900444984436035,197.42611397147178
11.570919619490738,24.0,-2.9404518175125123,0.4221650007367134
12.949735449735444,24.0,-2.8469483852386475,0.22914588861167431
7.4197530864197505,15.0,-1.6979737281799316,0.230036464035511
9.378306878306875,18.0,-1.6461879014968872,0.24563518673181534
22.584064275916116,41.0,-2.2757487297058105,0.2229748111963272
7.999491048062169,18.0,-0.5220323204994202,0.8681085240840912
5.917397609249458,13.0,0.013408065773546696,0.8050141167640686
7.976190476190474,15.0,-0.5850878953933716,0.41871248066425326
15.895920308315365,30.0,-1.35613214969635,0.47080072402954104
18.3068783068783,33.0,-1.459623098373413,0.4872273752093315
9.488826180678029,19.0,-0.324358731508255,0.6297069108486175
13.80605526161081,26.0,-0.6965838670730591,0.5627743029594421
1.7852053337764584,7.0,2.4312450885772705,2.3640179681777953
7.404252952824074,17.0,-0.010339288040995598,0.7221755242347717
18.71377676234788,36.0,-0.39770519733428955,1.1406773519515991
8.37301587301587,16.0,-0.31953346729278564,0.8227652490139008
32.309017563815026,58.0,-0.8135578632354736,3.784027991294861
16.251905930572306,32.0,-0.71660977602005,1.2706164813041687
15.169525621094339,29.0,-0.5481847524642944,0.8164031255245209
5.023300571871694,13.0,1.6976548433303833,2.08575309753418
6.587301587301584,13.0,-1.2968553304672241,0.27524182826280597
10.991181657848319,21.0,-1.6164790391921997,0.2457096406817436
2.5614297400961217,9.0,0.9080986380577087,1.5441842889785766
1.7647637163324403,6.0,3.0482444763183594,2.199704558849335
-0.15425286635234037,4.0,1.5996638536453247,1.3898823404312133
22.89594356261022,41.0,-3.255162239074707,0.12352476716041565
2.2266995146000395,8.0,0.03223371505737305,0.9681793534755707
19.488604276504795,37.0,-2.5207765102386475,0.33742019355297087
2.3262256704048037,8.0,0.40883752703666687,1.197226610183716
3.991158403553463,10.0,-0.2196277230978012,0.7757600307464599
5.409051313528955,13.0,-0.40512603521347046,0.845457900762558
1.3566366114340869,6.0,1.1618092060089111,1.6723038101196288
0.13574947992861475,4.0,1.777099609375,2.4840047454833982
3.809523809523808,8.0,-0.5087615847587585,0.3959869509935379
7.258436213991766,15.0,-0.978838324546814,0.4956605345010757
8.37301587301587,16.0,-1.082437515258789,0.38311112761497496
6.836192287761009,15.0,-0.36980825662612915,0.8332893109321594
7.4197530864197505,15.0,-0.4757707118988037,0.6510774290561676
11.869778561630408,23.0,-0.9420070648193359,0.5790977191925049
9.36955665745718,20.0,-0.30957314372062683,1.0032761073112488
0.5861893882298792,5.0,2.595564365386963,3.6460168170928955
28.062610229276878,46.0,-2.3395330905914307,0.24319263488054277
0.9994937542912301,5.0,2.2240829467773438,2.5965503215789796
0.28857324014196406,4.0,2.077972650527954,1.9330150270462036
9.704286882953262,21.0,-1.4390177726745605,0.5996112298965454
25.288573240141954,46.0,-2.434211015701294,0.2979330530762672
14.466191644858021,29.0,-1.5407904386520386,0.5728882133960724
15.82428462632511,31.0,-1.4066314697265625,0.5739071142673492
19.22809640676278,37.0,-1.414783239364624,0.6143767380714417
10.421463765642894,20.0,-0.5934439897537231,0.9559339451789856
4.332827087624562,11.0,0.9236325621604919,1.592339608669281
13.383811335380052,26.0,-0.8466811180114746,0.6538296747207641
11.361432265909905,23.0,-0.422534316778183,0.8855107796192169
19.682539682539673,35.0,-1.1897979974746704,0.3633534836769104
15.32193760983813,30.0,-0.5066221952438354,0.857853889465332
5.03880070546737,11.0,1.0602213144302368,1.4900005316734315
9.094731849529321,19.0,0.20661801099777222,1.1774532914161682
1.8783068783068781,5.0,2.1755008697509766,2.082854540348053
4.1155790711346265,9.0,0.4659363031387329,0.9463715183734894
7.777777777777775,15.0,-0.5487848520278931,0.42732725918293
9.964794752695274,21.0,-0.3891036808490753,0.697907247543335
2.521164021164021,6.0,1.7288265228271484,1.2555220413208008
7.107873799725649,15.0,-0.6584124565124512,0.7105508476495743
12.848094150134635,26.0,-0.9117261171340942,0.789221647977829
-0.5433296388519948,3.0,4.217180252075195,1.4747415450960397
16.955239906808625,32.0,-2.3629138469696045,1.6068519163131714
2.43286083733848,8.0,1.148989200592041,0.1984287397377193
8.38524178971943,18.0,-1.1670671701431274,1.5557564115524292
17.428065182862653,33.0,-1.8619407415390015,0.5644769406318665
14.705444117839175,28.0,-1.5060619115829468,0.41788115799427034
7.19476559924324,16.0,-0.018998682498931885,0.6875720000267029
5.753063165458225,12.0,0.6516565084457397,0.9484521520137786
11.42510288065843,22.0,-1.1801786422729492,0.2958638608455658
6.492892337071469,15.0,-0.33482012152671814,0.769304131269455
12.322159514011359,22.0,-0.8462275266647339,0.7840681946277619
12.66616042095789,25.0,-0.6391448974609375,0.6886751937866211
12.761395809966928,26.0,-0.40968918800354004,0.8507928931713105
7.849206349206346,14.0,0.22055739164352417,0.9007841098308563
2.345969037820889,7.0,1.682503342628479,1.8285789942741395
9.488826180678029,19.0,-0.5941009521484375,0.8298189508914947
1.2423846468622903,6.0,2.3117198944091797,1.535438723564148
2.5614297400961217,9.0,1.7870584726333618,1.641199209690094
10.952380952380947,20.0,-2.95355224609375,0.1804948616027832
2.5471128019102767,8.0,0.5342824459075928,0.646364403963089
7.4197530864197505,15.0,-1.6865700483322144,0.12691253051161766
7.309017563815036,16.0,-1.2480905055999756,0.3230626004934311
15.46479475269527,28.0,-1.7592780590057373,0.5990681648254395
20.092592592592585,36.0,-1.9274523258209229,0.19415143519639969
3.070919619490744,9.0,1.2103937864303589,1.7098631715774537
4.6164021164021145,10.0,-0.6053985357284546,0.5604239124059677
11.170956075433713,21.0,-1.2582439184188843,0.7765749061107635
1.3935880854399372,5.0,2.2801170349121094,0.8241204261779785
9.812382763951483,20.0,-2.196465015411377,0.4384292405843735
5.921463765642898,13.0,-0.2594313621520996,0.4934919345378876
20.885241789719423,39.0,-2.5092594623565674,0.41791050851345063
3.84832451499118,9.0,-0.2311946600675583,0.4200856566429138
12.465016656868503,24.0,-1.3665001392364502,0.37670892536640166
21.050478002046713,36.0,-1.3986871242523193,0.578958483338356
19.087301587301578,34.0,-1.9803574085235596,0.3274003976583481
13.060254752106598,25.0,-1.0641037225723267,0.44130207419395445
4.455239906808629,11.0,1.2254947423934937,0.9390520644187927
2.5614297400961217,9.0,0.7371541261672974,1.276499366760254
6.044150499706054,12.0,-0.49101632833480835,0.21987443387508393
1.5385703406108302,7.0,0.2510747015476227,0.6745309245586395
4.455239906808629,11.0,-0.3139630854129791,0.19726284638047217
12.445273289452418,25.0,-2.0286271572113037,0.3581072962284088
7.904255659053131,17.0,-1.2097264528274536,1.0264735114574433
8.298349990201839,17.0,-1.0645979642868042,0.48841363966464996
26.837622742100372,49.0,-2.2831766605377197,0.28637791097164156
15.14234819091931,30.0,-1.3367425203323364,0.5659560024738312
9.999493754291224,19.0,-0.8783771991729736,0.6866506636142731
18.145716097284815,34.0,-1.2366849184036255,0.5289191246032715
21.373844718023843,40.0,-1.1156858205795288,0.5292723196744918
0.0362233241238501,4.0,3.3732171058654785,3.4521257662773133
25.313813218290846,43.0,-3.355013132095337,0.6242980623245239
5.050478002046724,12.0,-0.9267919063568115,0.2994152981042862
0.8333333333333331,3.0,1.5427817106246948,0.08093721594923409
11.063492063492058,19.0,-2.642080307006836,0.3545893728733063
1.6102060226010835,6.0,0.7301654815673828,0.7143516683578491
6.213776762347885,15.0,-1.1949448585510254,0.597955151796341
7.490001168667549,16.0,-1.1705846786499023,0.7050207221508026
6.728096406762787,16.0,-0.7204856872558594,0.822335216999054
7.777777777777775,15.0,-0.9924497008323669,0.283408662378788
13.951872000443121,28.0,-1.4022127389907837,0.6427773821353913
9.47904943061815,18.0,-0.8660356998443604,0.40131150603294374
19.823334502000876,38.0,-1.7133721113204956,0.3941070258617401
7.4197530864197505,15.0,-0.24470295011997223,1.1471107602119446
2.9214637656428986,9.0,1.3826476335525513,0.8284509265422821
5.1099989120394,13.0,-0.3706221580505371,0.5790473967790604
3.6870076425631964,9.0,1.4910356998443604,1.7548089551925659
7.59259259259259,15.0,-0.7571869492530823,1.1961683666706084
2.4280624766336016,8.0,0.03920632600784302,0.3938750196993351
12.354497354497349,23.0,-1.8558390140533447,0.6532149600982666
9.044150499706051,18.0,-0.6128955483436584,0.7616426134109497
8.775715454381833,18.0,-1.3695201873779297,1.0967476987838745
4.8015873015873,10.0,-0.033460140228271484,0.5370626330375672
0.44098522888575475,5.0,2.0205256938934326,1.58534952044487
15.75308641975308,29.0,-2.3742287158966064,0.8026722157001496
1.9012933568489117,6.0,0.12988892197608948,0.34150901675224304
9.488826180678029,19.0,-1.635823369026184,0.27938086360692976
-0.4290776742801983,3.0,2.4194493293762207,1.8274761888384818
9.348301260696317,19.0,-3.1187961101531982,0.11752676401287317
2.8219376098381344,9.0,-1.0420526266098022,0.37336390316486356
9.333333333333329,16.0,-2.808107376098633,0.07828191746026278
2.928065182862659,8.0,-0.46579909324645996,0.688969806432724
9.586189388229874,19.0,-1.7422995567321777,0.5235394608974456
0.27689594356261005,3.0,1.1892436742782593,1.3146533203125
9.901293356848907,18.0,-1.8998658657073975,0.30639107048511505
3.0158730158730145,7.0,-0.02615268900990486,0.5849295210838318
2.074287525856249,7.0,0.7444461584091187,1.313247220516205
12.570922325719794,23.0,-1.6592473983764648,0.4966090536117554
18.276872689267744,34.0,-1.7388325929641724,0.35700001239776613
4.012413800314324,11.0,0.7145898342132568,1.5587193059921265
8.306878306878303,15.0,-0.656095027923584,0.6222284269332886
4.919753086419752,10.0,0.38921937346458435,1.1231558060646056
6.9886042765048,16.0,0.16965246200561523,1.2510350346565247
0.5602547521066037,4.0,2.4215774536132812,3.0151550722122193
0.27689594356261005,3.0,1.8800653219223022,2.137112650871277
5.409051313528955,13.0,-0.4859374165534973,0.7946210825443267
3.5167018608809935,10.0,0.29536500573158264,1.1980981588363648
9.56349206349206,18.0,-1.2663978338241577,0.32810589373111726
17.55047800204672,33.0,-1.6016978025436401,0.41171947062015535
12.324491736886792,24.0,-0.9401394128799438,0.5977824378013611
25.440985228885744,47.0,-1.5015435218811035,0.45632998943328856
8.753063165458222,18.0,-0.03852597996592522,0.9776019287109375
4.218575123052765,11.0,1.2083393335342407,1.8837014722824097
7.583842371742895,17.0,0.2716207504272461,1.3147982263565063
11.729253641648697,23.0,-0.44217729568481445,0.78788254737854
11.170956075433713,21.0,-0.2920028567314148,1.068925130367279
4.449735449735449,9.0,1.0939780473709106,1.5689111590385436
8.014991181657845,16.0,0.19054687023162842,0.9692017018795014
13.372134038800699,25.0,-0.5028848052024841,0.6545663499832153
1.5385703406108302,7.0,2.64900279045105,3.565360703468323
12.66616042095789,25.0,-0.5916517972946167,0.781184743642807
21.181427483467964,40.0,-1.033137321472168,0.6312236702442169
1.7647637163324403,6.0,2.338329315185547,3.121140193939209
3.992063492063492,8.0,0.7743780612945557,1.2367988991737366
1.0449735449735447,4.0,2.068140745162964,2.363098831176758
4.1316833235351735,10.0,0.40756654739379883,1.1035766291618347
11.586419753086414,22.0,-1.070314645767212,0.4645937931537628
4.190476190476191,8.0,0.42487090826034546,0.9406176531314849
8.513810692477072,19.0,-0.1329902857542038,1.1645498561859131
3.809523809523808,8.0,0.7400571703910828,1.0478467631340027
13.210817166372715,25.0,-0.886551022529602,0.5553416228294372
15.642350897148367,30.0,-0.8495578765869141,0.6640383231639863
2.521164021164021,6.0,1.6615397930145264,2.0361192798614502
3.62333702781467,10.0,1.2152460813522339,1.877179617881775
18.276872689267744,34.0,-1.2168561220169067,0.4852611494064331
8.37301587301587,16.0,-0.1379045844078064,0.7200586521625518
22.063492063492053,39.0,-1.2512723207473755,0.33129861176013947
28.14235089714836,51.0,-1.1658786535263062,0.4625717616081238
19.336192287761005,36.0,-0.6664290428161621,0.6614361178874969
22.97904943061814,39.0,-0.9354782104492188,0.6452941274642945
9.469082813261943,20.0,0.615386426448822,1.4746447277069092
18.492063492063483,33.0,-0.531568706035614,0.5348418724536895
7.258436213991766,15.0,0.9725832939147949,1.484779522418976
0.13574947992861475,4.0,3.8387134075164795,5.963832149505615
6.132858311524692,15.0,0.4250410795211792,1.4897746634483338
3.84832451499118,9.0,0.8576043248176575,1.3067990303039552
12.949735449735444,24.0,-0.9449383616447449,0.47325083494186404
12.020340975896525,23.0,-0.6062110662460327,0.6568184173107148
19.90425295282407,38.0,-0.9469335675239563,0.6881149613857269
11.06237986442035,23.0,-0.03864790126681328,1.1486619925498962
10.121906573475293,19.0,-0.01468141470104456,1.1405940103530883
21.87830687830687,39.0,-0.9604771137237549,0.4247583866119385
9.57571798019562,20.0,0.4022839665412903,1.3156283020973205
15.061429740096116,30.0,-0.18483693897724152,1.0607905864715577
11.657617959658445,24.0,0.2143803834915161,1.2688591885566711
18.71377676234788,36.0,-0.36409732699394226,0.8934513437747955
0.05190845638610031,4.0,3.835153818130493,5.705358982086182
5.537620216286596,14.0,0.5427323579788208,1.563190586566925
10.991181657848319,21.0,-0.7018831372261047,0.5871059203147888
8.465016656868505,16.0,-0.17171376943588257,0.9780689704418183
3.1423508971483716,9.0,1.5192646980285645,2.0980942153930666
4.111939956119088,11.0,1.0516819953918457,1.79134507894516
5.03880070546737,11.0,0.5079273581504822,1.1056503295898437
24.752856054896533,46.0,-1.4100687503814697,0.49707486808300017
7.904255659053131,17.0,0.20776376128196716,1.1800898313522339
2.9214637656428986,9.0,1.7093216180801392,2.3673286390304566
20.873015873015863,37.0,-1.3674687147140503,0.3120265519618988
19.163198118753666,35.0,-1.0179263353347778,0.48326628148555756
7.323334502000882,17.0,0.6638689637184143,1.6511825466156005
5.3968253968253945,11.0,0.793305516242981,1.1918729090690612
13.85663661143408,27.0,-0.4396739602088928,0.8312342214584351
35.070922325719806,58.0,-1.5251171588897705,0.4199535357952118
14.140211640211634,26.0,-0.32310089468955994,0.6780233597755432
22.31238276395148,41.0,-0.6652095913887024,0.6269698119163514
0.775715454381837,6.0,3.482701063156128,4.967410278320313
16.01670186088099,31.0,-0.7085251212120056,0.7552695214748383
-0.14550264550264547,2.0,3.231825351715088,4.2331061267852785
10.467141769182255,22.0,-1.338605523109436,0.5976403260231018
11.514760816801301,22.0,-1.3275254964828491,0.6916831934452057
27.499491048062154,47.0,-2.1498875617980957,0.4095621484518051
3.860001811570534,10.0,0.8395843505859375,1.4911211657524108
9.488826180678029,19.0,-0.5445340275764465,0.7123922646045685
4.514760816801305,12.0,0.8650963306427002,1.722671048641205
13.730158730158724,25.0,-1.0520861148834229,0.4091206365823746
14.140211640211634,26.0,-0.8629959225654602,0.4966712826490402
6.1185413733388465,14.0,0.6950953006744385,1.4756552267074585
8.78306878306878,17.0,-0.05054810643196106,0.8085337722301483
12.551908456386094,25.0,-0.3136642277240753,0.9248654592037201
18.67908046698098,33.0,-0.8702938556671143,0.8045838284492492
5.537620216286596,14.0,1.2810167074203491,2.1261809062957764
2.1709560754337196,7.0,2.3027844429016113,3.166097846031189
6.76190476190476,12.0,0.09018748253583908,0.8442359781265258
10.380443429014548,22.0,-0.06664847582578659,1.1663007998466492
0.16616042095789685,4.0,3.1500253677368164,4.348417501449585
9.044150499706051,18.0,-0.7234627604484558,0.6021563231945037
7.681634594029652,15.0,-0.30113106966018677,0.9374980783462524
5.645716097284819,13.0,0.40288713574409485,1.2357577586174011
16.955239906808625,32.0,-1.123997449874878,0.543689945936203
3.264763716332439,9.0,1.4001671075820923,1.9433477926254272
3.5167018608809935,10.0,1.2093284511566162,1.926904056072235
0.6271543624307374,6.0,1.9975563406944274,3.18577112197876
5.774096491443708,34.0,0.4345611971616745,0.5794746422767639
1.182805121893928,9.0,1.206302614212036,0.8139475357532501
5.937900067496764,26.0,-0.27399825990200044,0.4982200461626053
6.059700358376336,24.0,0.16626452684402465,0.5509343886375427
6.341950556838764,37.0,0.4588474774360657,0.23685264199972153
2.1593441259120425,15.0,0.4916689199209213,0.6238727140426635
1.4046184954605134,34.0,0.7701405012607574,0.24583439350128175
1.1891296064366252,5.0,0.80463329911232,0.7505572545528412
7.035253404923333,112.0,0.3901870542764664,0.8777884903550148
0.5312149532978858,6.0,1.2520310711860656,2.073313069343567
-0.5000882117384171,3.0,1.3449196577072144,1.0965274858474732
-0.8444429167089211,5.0,1.050554528236389,1.1581230020523072
8.134038800705463,15.0,-2.1007776737213133,0.21235813945531845
6.9886042765048,16.0,-1.16717502117157,0.5940764796733856
11.064320908500036,21.0,-1.6770274090766906,0.5242287492752076
1.9012933568489117,6.0,0.7713535487651825,1.175475537776947
17.0147608168013,33.0,-1.8101490139961243,0.45026121437549593
16.904761904761898,30.0,-1.804038212299347,0.21198140919208527
5.72904653108702,13.0,0.2189418002963066,1.4110545873641969
11.869778561630408,23.0,-0.8888088381290435,0.5871175706386567
2.074287525856249,7.0,1.6705234146118164,2.17612624168396
6.8090148575859795,16.0,0.07204223275184632,1.247851550579071
20.657825070220124,38.0,-1.4710147643089295,0.408255113363266
6.836192287761009,15.0,0.2577878892421722,1.1653551530838013
9.778606622785752,19.0,-0.26206390738487245,1.1158897519111632
-0.03498334313149143,3.0,3.064162378311157,4.15002703666687
3.4259259259259247,8.0,0.24067291140556335,0.8416413021087646
8.994807380769602,19.0,-0.9034429562091827,0.7336603367328643
12.845747133647652,24.0,-1.2631601786613464,0.7313512861728668
4.828140533661724,12.0,0.5167759037017823,1.3985223960876465
12.03159008040825,22.0,-1.0447802972793578,0.47679626643657685
16.913038111721786,31.0,-1.156418914794922,0.5408444917201995
4.356633905205029,11.0,0.9485604572296142,2.184836540222168
6.421879708168327,12.0,0.09383784253150225,0.812366919517517
0.6054819514518979,5.0,2.4934196853637696,3.6996913814544676
4.428062476633599,12.0,0.6129635310173035,1.5696404123306273
0.5602547521066037,4.0,1.6946566534042358,2.5357966470718383
10.48009828952372,180.0,0.5519131207466126,0.016287192739546298
11.806233865643074,23.0,-1.5840238046646118,0.46516946494579314
1.7054673721340388,5.0,0.919533200263977,1.4998321056365966
1.5714285714285712,4.0,0.7436529171466827,1.0952282214164735
10.158730158730155,19.0,-1.3675339436531067,0.31262673616409303
12.41049771969307,180.0,0.8957966113090515,0.053369158729910854
0.28857324014196406,4.0,1.678653199672699,2.4414956188201904
0.6232094929248604,5.0,1.0902147006988525,1.5740108346939088
5.958745298442184,124.0,0.3344504451751709,0.07011763259768486
0.9284645088623802,35.0,0.47989885687828066,0.29511061668395994
15.019263069878967,95.0,-0.47391547083854674,0.09614059224724769
13.03392601525177,92.0,-0.27274923205375673,0.10240958884358406
24.996583141077622,112.0,-0.8512981879711151,0.12666696563363075
25.908384593797567,109.0,-0.81419264793396,0.08120900094509124
11.829140066846765,46.0,-0.6209581971168519,0.33073815643787385
34.964861280650396,159.0,-0.5596459746360779,0.09974484190344811
0.357809282015939,13.0,1.1125539898872376,0.4093798810243607
0.39376716057090044,3.0,0.8504519283771514,0.5480327832698823
25.359485212044547,180.0,-0.3860807079076767,0.0378930176794529
19.90191764756729,180.0,-0.1291244298219681,0.02251518566161394
17.979588874657647,180.0,-0.046726939678192136,0.037695327401161195
22.42248596994206,156.0,-0.35481534838676454,0.10127373710274697
9.189919769740248,47.0,-0.42332102596759796,0.1827453202009201
2.020455186523296,12.0,0.2745486468076706,0.22349616825580598
7.21179604857865,56.0,-0.11588149353861808,0.13238301217556
5.236088520896354,24.0,-0.3563199806213379,0.4190975171327591
0.3735723704615367,6.0,1.139672005176544,0.669408701658249
1.0803970496502795,12.0,0.47380734264850616,0.46091930985450746
15.549342328468216,54.0,-1.2533190417289735,0.1365288996696472
13.959246345640864,69.0,-0.5880019795894623,0.07931289374828339
7.998192929504212,35.0,-0.5588202142715454,0.20160363018512725
12.658258987581855,108.0,0.007960688256716822,0.0853443256020546
3.5481331050729623,16.0,-0.21280454099178314,0.2054168114066124
5.11787119865246,26.0,-0.311082209944725,0.1720917585492134
16.858640395588996,50.0,-1.1605641222000123,0.14424256175756456
5.519061972377517,23.0,-0.207757451236248,0.3183681470155716
5.67348041425384,24.0,-0.009005067485850305,0.558653540611267
5.617005368405469,21.0,-0.006952537192264571,0.3702167344093323
5.380344103066458,19.0,-0.1747279567271471,0.6117839646339417
4.018047454779673,17.0,0.15340288519859313,0.4148399555683136
3.1559792855369064,15.0,0.3343482947349548,0.44927939891815183
4.622933130542611,13.0,-0.16411859840154647,0.45971508145332335
8.87795946346852,26.0,-0.5948126566410065,0.29956318855285646
5.574523441232159,20.0,0.1501922619342804,0.6819020116329193
5.724932069179973,21.0,0.05864592276513576,0.6678803956508637
4.641369740002517,16.0,0.136517773270607,0.8145807886123657
0.13979407551003376,3.0,1.771693708896637,2.425393581390381
13.813160720506161,180.0,0.2964257097244263,0.033786676824092865
6.075065482411334,180.0,0.532791075706482,0.01985020872205496
9.544774792584787,180.0,0.34484636545181274,0.020185340829193592
0.763566166068165,4.0,0.7152469265460968,0.6072416663169861
0.2680017570993627,5.0,0.8540761983394622,0.22952654898166658
-0.13256129223374757,6.0,0.965004358291626,0.27415309369564056
-0.4616431891603042,8.0,0.9094459903240204,0.25766292452812195
5.079497667826778,14.0,-0.9547961854934692,0.5840678071975708
21.82670164965684,42.0,-2.5878796482086184,0.0900749458372593
6.371083385890435,15.0,-0.8160997939109802,0.48179328978061675
2.7214046863596897,10.0,0.6121586263179779,1.4104011464118957
-0.47669942812830324,4.0,2.2153243160247804,2.9029750061035156
1.4227685898016005,7.0,0.658261194229126,1.2262039160728455
-0.192567032994317,3.0,1.3709206295013427,1.4668971276283265
11.023300571871694,25.0,-1.8191069436073304,0.3915227472782135
0.005668222713399951,3.0,1.2145905208587646,1.3104245281219482
17.345969037820883,35.0,-2.404960341453552,0.16476648658514023
2.7135394517424034,10.0,0.29819497764110564,1.1853554844856262
0.19047619047619035,2.0,1.0675334739685058,0.9372639966011047
4.244039222179694,11.0,-0.6976116299629211,0.4596249371767044
2.4606571593408413,8.0,0.15384665489196778,0.8127746868133545
-0.15312825176861455,4.0,1.5956593179702758,1.9243050813674927
7.27820076782263,16.0,-1.39333735704422,0.26615881264209745
-0.0325190998220255,5.0,1.6305871820449829,2.1707491159439085
5.256101923236255,14.0,-0.7185350584983826,0.6324734961986542
4.999491048062171,14.0,-0.3919579315185547,0.8532614600658417
9.253968253968251,19.0,-1.3537358379364013,0.24958490639925002
6.714489576066634,17.0,-0.39290722370147707,0.8635282325744629
4.087701323051582,11.0,0.27511664569377897,0.9702338075637817
8.158730158730156,17.0,-0.7546843004226684,0.40266156554222104
9.609710395999013,20.0,-0.7604927730560302,0.4472880625724793
6.778177513527772,16.0,-0.012303404808044434,0.8698559093475342
-0.49126799116927455,4.0,3.0222700786590577,4.216857976913452
-0.9544532461325499,7.0,1.7672392439842224,0.8425017929077149
7.706339860357968,59.0,-0.11994566939771176,0.08482690796256065
-0.010271108911471316,4.0,1.2323697781562806,1.8509234952926636
-0.48177657083706715,11.0,0.7983853924274444,0.2203332996368408
-1.4399279370997293,5.0,1.4934770131111146,1.1114341926574707
-0.3868482255970396,2.0,0.4729142862558365,0.3820181328058243
-0.5987598041731226,8.0,0.5277304065227508,0.3000229561328888
4.903846119181046,13.0,-1.5959118127822876,0.30845400393009187
2.63101726819961,9.0,-0.5591096675395966,0.7025230646133422
5.266870234703829,13.0,-1.1511382722854615,0.40400158762931826
9.64240596493556,22.0,-1.5358273959159852,0.44800249218940735
-0.7258925706014033,180.0,0.90811558842659,0.0311744387447834
-0.16167116057624198,4.0,1.3209102416038514,1.9636253643035888
-1.6714743050635654,180.0,0.46626762628555296,0.021789945419877766
-0.4601673082498472,5.0,1.0104901719093322,0.4568097448348999
11.925727234872888,180.0,-0.18949032098054885,0.02294797871261835
23.575050658469518,180.0,-0.549669222831726,0.029874228835105897
9.0512559459598,180.0,-0.02297884501516819,0.01960333973169327
19.765243499303274,180.0,-0.4262161338329315,0.0373381407558918
21.092393481270165,180.0,-0.4228701031208038,0.02395177971571684
-1.0480061406552619,11.0,0.9543785107135773,0.4757331258058548
1.741096365719996,12.0,-0.13106683745980263,0.240954849421978
4.844169959919502,19.0,-0.9351780259609223,0.15449753522872925
5.211722268611084,26.0,-0.699656366109848,0.2556478142738342
3.267982252673632,18.0,-0.11155426844954491,0.2517918771505356
5.692625558713291,24.0,-0.5454066348075867,0.4118790990114212
0.8726078114011195,8.0,0.6286889147758484,0.781957882642746
26.165336170621813,152.0,-0.5429064118862152,0.09697940796613694
4.486455700224017,37.0,0.17206527650356293,0.20902658104896546
0.7075183644852618,12.0,1.0171367156505584,0.8859175276756287
3.6288833282339685,45.0,0.14456207424402237,0.12333389580249786
0.6120312364302287,77.0,0.5098111313581467,0.10325435623526573
6.43006450948735,46.0,-0.15765447199344634,0.2009427511692047
14.916994749971527,180.0,0.037727523893117905,0.03239247351884842
18.33447563724489,109.0,-0.5011027550697327,0.05975341625511646
23.78856246945959,180.0,-0.24952545940876006,0.05225356087088585
5.5272017172791355,27.0,-0.25794048339128495,0.32001089096069335
-0.5173757403677903,3.0,1.7167186903953553,2.1010585975646974
11.447293659285421,180.0,-0.056639677211642266,0.026931166164577008
15.569446446066173,180.0,-0.2603513687849045,0.031085010804235935
17.95572543004831,180.0,-0.3223045462369919,0.03622523717582226
1.4718752927683671,18.0,-0.00046723394829314204,0.19045092821121215
6.075065469769411,180.0,0.1524829363822937,0.014455174989998341
12.603465915233748,180.0,-0.1090910878777504,0.026670736894011497
17.45534391245106,180.0,-0.26348231434822084,0.036544467136263845
25.955510242607453,180.0,-0.5714339971542358,0.03404190570116043
22.97958009360148,180.0,-0.3978232544660568,0.031043781749904156
10.836883497838121,180.0,0.09733441755175591,0.024351941086351872
17.027698347782867,180.0,-0.15321245431900024,0.03580655567348003
24.158151078739515,180.0,-0.398760694861412,0.03435216844081879
14.901917711063316,180.0,-0.013376796692609787,0.027649494409561156
8.575012224625269,180.0,0.22927062422037126,0.021882256492972374
21.63360703088556,180.0,-0.2968273943662643,0.041150496900081636
11.51973928976788,180.0,0.11922043070197105,0.02712549760937691
17.382669002681933,180.0,-0.11757475450634956,0.03571019276976586
23.57506504949998,180.0,-0.32009962141513826,0.03167974099516869
29.515305771748075,180.0,-0.49807042479515073,0.041459898054599764
17.489173100313494,180.0,-0.018177735228091477,0.03697374984622002
13.21577582373108,180.0,0.1463794669508934,0.026532628573477268
18.064481156609364,180.0,-0.05462324768304825,0.03716557651758194
23.8346203430061,180.0,-0.2702207374572754,0.04702040128409862
22.384502545520217,180.0,-0.17944299668073654,0.030996576733887195
16.61260000124689,178.0,0.07193808808922768,0.04627246856689453
19.327794998969985,180.0,-0.04169162511825562,0.029061252400279045
24.765454926103416,180.0,-0.24738062858581544,0.03483392775058746
17.372545869926057,180.0,0.05919079929590225,0.038040146827697754
10.83688349789933,180.0,0.267114514708519,0.026898342184722424
20.843979402772508,180.0,-0.07844442561268807,0.04255737163126469
27.07476158366519,180.0,-0.3252404284477234,0.0524118696898222
9.337637012655819,61.0,-0.13046037793159485,0.15689657747745514
0.7897248233853746,9.0,1.040259965658188,0.5255567800998687
16.181965848265634,180.0,0.038784615322947504,0.03649883173406124
3.802169441621245,180.0,0.5089897751808167,0.01387902483344078
19.407891194619555,180.0,-0.13242504984140396,0.025300891660153865
21.19432254132972,180.0,-0.18767731964588166,0.02953149873763323
15.803718173254678,164.0,-0.030826669484376908,0.08817413732409478
18.21846441864003,180.0,-0.0533144536614418,0.025688132382929326
19.7346458368431,180.0,-0.09306431084871292,0.04326761044561863
15.000934796296262,180.0,0.07114393636584282,0.033616317883133885
10.241645402599993,180.0,0.22201396733522416,0.024886596985161304
15.598788259436752,180.0,0.039102766290307046,0.03302108973264694
11.325144248759896,180.0,0.18600789815187455,0.027479471936821938
0.6688404117745257,17.0,0.774397085905075,0.40509338557720187
13.65732955858993,40.0,-1.387406051158905,0.10694303169846535
4.5697626743050375,16.0,-0.3453353559970856,0.5387088966369629
14.170360534040515,39.0,-1.2400517916679383,0.18013448864221573
6.230591538913352,23.0,-0.13372235834598542,0.5356144404411316
3.7261665003374205,12.0,0.18109620600938797,0.7091281890869141
3.2324440091945132,10.0,0.24221667975187303,0.6044172251224518
25.35780928382014,180.0,0.1348820611834526,0.042125661820173264
15.808130002315684,98.0,0.05377324543893337,0.12448842152953148
23.83752878173898,151.0,0.019715321268886327,0.09384829074144363
18.406580182650526,80.0,-0.3931453597545624,0.11359801203012466
11.00390643582946,47.0,-0.19617253720760344,0.35323998689651487
1.9550719890973005,8.0,0.85412034034729,0.591672705411911
28.098872460330778,180.0,0.030133694224059582,0.05561333395540714
17.878108125916214,180.0,0.40376866579055787,0.03738400787115097
17.72212765707929,180.0,0.3605136501789093,0.037951956540346145
36.05532471598709,180.0,-0.3456695979833603,0.05413002111017704
16.38690678578243,117.0,0.09149940833449363,0.15047085106372834
23.908007443039285,180.0,0.09381630182266236,0.053119213730096815
12.979040826990802,68.0,-0.1553916949033737,0.21656802594661712
19.169795956893477,180.0,0.30416623711586,0.04537064515054226
0.5176319313681714,12.0,1.1873396944999695,0.9216324532032013
13.977636046841182,33.0,-1.5183273577690124,0.2933382958173752
-0.23746180137571504,2.0,1.6008009886741639,1.4645707774162293
6.50955247233863,23.0,-0.9359580779075622,0.12998583287000656
8.291485343992893,31.0,-0.7726015305519104,0.2850720989704132
10.428081645450478,38.0,-0.8365381455421448,0.22528433054685593
10.216429675680176,30.0,-1.00111634850502,0.2381289303302765
12.94076842809555,43.0,-0.7754475545883178,0.29932048559188845
14.227364051661725,46.0,-0.763728574514389,0.1554926511645317
8.606469077265775,25.0,-0.5223308461904526,0.5938172268867493
4.4548029812268,16.0,0.3567925000190735,0.7147745203971863
9.261010342470122,29.0,-0.2977183789014816,0.5835529232025146
8.173693430554028,26.0,-0.11315987318754196,0.6231728518009185
1.2796529658189668,8.0,1.4261993598937988,1.434452359676361
11.327431847884895,180.0,0.6519276094436646,0.02860283464193344
5.910432638936877,55.0,0.5294732701778412,0.1842735594511032
19.170216756885818,180.0,0.30241892993450165,0.04511820770800114
11.414810903270672,180.0,0.5529294896125794,0.03174140807241201
-0.5413443483478193,7.0,1.5112830114364624,0.8447118961811065
6.061889661191499,19.0,-0.6479783356189728,0.5350213038921356
2.968093096311285,9.0,0.012833443200215698,0.5851724922657013
1.9632552149935343,8.0,0.6032966732978821,0.7422811186313629
1.9543316349165458,8.0,0.6095673108100891,0.8874475419521332
9.664131673476742,30.0,-0.7126025199890137,0.16272276550531387
5.619059857567484,28.0,0.030168800838291644,0.5037582576274872
5.1722919854876075,20.0,-0.15635833978652955,0.2639727932214737
8.292253918672863,36.0,-0.18897412568330765,0.27416244566440584
9.209696951142195,41.0,-0.18042651951313018,0.2090717214345932
5.220641178380844,22.0,0.06922439098358155,0.3168934839963913
16.447774673953518,52.0,-0.7821487724781037,0.18469752252101898
3.4799730713224513,21.0,0.5902885508537292,0.6961561596393585
25.980240192419302,119.0,-0.3033217096328735,0.17144327640533447
13.495690602919918,63.0,-0.09855458304286004,0.2672473549842834
44.27790979410086,180.0,-0.44922159075737,0.058308758586645124
14.668615917347093,85.0,0.13750988095998765,0.1677219021320343
32.57509567727842,104.0,-0.8232622575759888,0.10016274392604828
12.165182784932615,161.0,0.8178290557861329,0.12622447401285172
19.246541508842935,85.0,-0.2148481374979019,0.23552650719881058
8.875386851372893,38.0,-0.04362677091732621,0.31267613887786866
5.763575423377926,25.0,0.2755036211013794,0.47964990735054014
16.911117368857038,58.0,-0.517799882888794,0.1702824267745018
23.47028645539673,99.0,-0.1927949458360672,0.10363738656044007
15.023540067865843,62.0,-0.14635878711938857,0.2660721641778946
23.344059046837266,95.0,-0.24601365447044374,0.2368154415488243
0.9341964096444317,6.0,1.3985746431350707,1.0332394766807556
9.033870812653953,180.0,0.7929078829288483,0.031266153566539286
7.2654549264708255,180.0,0.7582168030738831,0.027227675169706346
6.075065482411288,180.0,0.7143364179134369,0.023128986693918704
10.836883497836265,180.0,0.4534557944536209,0.03013969659805298
25.956003026717,180.0,-0.15283905565738679,0.04029633082449436
25.85429614284708,180.0,-0.1318172450363636,0.03341584548354149
16.432205804156524,180.0,0.23394455432891845,0.02414938196539879
23.830474327965753,180.0,-0.08277684926986695,0.04413295529782772
13.555256213769944,96.0,-0.09706705793738366,0.08520485118031501
9.120702141733766,71.0,0.0370724598877132,0.12699537277221679
19.30667961582524,180.0,0.10939032122492791,0.02288009285926819
4.9005784461230295,37.0,0.18514789879322052,0.282426740527153
19.92456493142683,100.0,-0.4751730763912201,0.09893835812807084
22.044688046106756,180.0,0.017291039992123843,0.03933494344353676
11.042020494670219,77.0,-0.050024662911891934,0.1871105369925499
8.592306732694935,83.0,0.21451349169015885,0.06740596786141395
15.16266016952208,109.0,-0.06549677722156048,0.087189452201128
31.89049331279221,153.0,-0.5763978254795075,0.07799588724970817
13.366350588151846,81.0,-0.1991037595272064,0.1525854843854904
5.436780537094325,35.0,0.06952176816761493,0.39501198053359987
5.9975004692607055,29.0,-0.1610858315229416,0.26953163266181945
3.8387415431541196,27.0,0.27567886471748354,0.3553184473514557
12.458920606849938,54.0,-0.519759122133255,0.18597516387701035
11.042020521216191,49.0,-0.3392887556552887,0.3040206170082092
12.521918134285995,56.0,-0.3067287176847458,0.2534765625
24.958920606849958,95.0,-0.6642779541015625,0.1386461514234543
21.628930375253482,87.0,-0.456325027346611,0.2217463520169258
14.744450702190374,60.0,-0.32275688588619234,0.15854121178388594
8.661073433112183,38.0,0.024656295590102673,0.440524697303772
10.916647565098256,72.0,0.23253175020217895,0.2708175927400589
11.577784035523708,46.0,-0.33880120277404785,0.1902419775724411
23.07144080994844,79.0,-0.6255874371528626,0.246071937084198
14.01927689352879,50.0,-0.3784526425600052,0.3630460745096207
18.723493447102904,86.0,-0.014354906119406223,0.1948446723818779
13.351238836294947,53.0,-0.1619800439476967,0.15629248678684235
14.101777749707093,47.0,-0.38017795741558075,0.282959862947464
12.702361850812549,73.0,0.2396938297152519,0.29944730043411255
20.705597298050062,78.0,-0.3232561361789703,0.2476459923386574
15.762862454382262,53.0,-0.35782042622566224,0.39714241564273833
10.656778189515444,38.0,-0.07173256941139698,0.43741995096206665
11.933152540322359,40.0,-0.21621329218149185,0.24586374580860137
7.492648303493949,22.0,-0.029009100049734116,0.3784566384553909
17.160472491997464,52.0,-0.45020108342170717,0.2889184182882309
7.4522867654343035,31.0,0.37644939243793485,0.6449023151397705
27.21396496134277,89.0,-0.421946160197258,0.13150468677282334
5.15108753929047,19.0,0.5384289681911468,0.6399064767360687
3.9902996266929147,14.0,0.6437886798381806,1.0831036853790283
10.125598197536883,32.0,-0.1598971000313759,0.36221089243888854
11.245556658886851,39.0,-0.08041639804840088,0.46470955848693846
11.755846382999811,42.0,-0.027522624991834162,0.27050453186035156
9.76712308149619,35.0,0.04076976269483566,0.33819247901439664
33.47592102024679,125.0,-0.2197041067481041,0.17333476781845092
-0.9110335966530823,7.0,2.441835517883301,2.118858370780945
3.165970065333501,11.0,0.5707948553562164,1.3407361221313476
6.873908044041787,17.0,-0.45346307396888735,0.44270358979701996
-0.31933884116902833,3.0,2.3357911109924316,2.8464284229278562
3.296289232958181,9.0,-0.08283955970779061,0.2904594486951828
0.26851589752496163,13.0,1.0070183277130127,0.13276349306106566
-0.3131466557937034,12.0,1.1652488708496094,0.24471872746944429
0.26851589788796104,15.0,0.7015581130981445,0.06991084113717079
0.043338862379365684,3.0,0.8523527383804321,0.3959753477573395
-0.6576751587466059,3.0,1.2202398777008057,0.7308748459815979
0.496377155982032,17.0,0.10393605381250381,0.05385069288313389
-1.4832661069910436,6.0,1.3658241033554077,0.6707155179977417
0.49073812011925344,16.0,-0.16956865787506104,0.010821806509047746
-0.4616428322598577,18.0,0.22149920463562012,0.049375347644090656
-1.4831657427536233,9.0,0.9748610258102417,0.38455488622188566
0.38862500615133244,2.0,-0.4352731704711914,0.022038826178759338
-0.5148180158894631,3.0,0.7705382108688354,0.47574216067790986
-0.542212587526538,8.0,0.5348427891731262,0.2233838814496994
-1.386063594791003,9.0,0.8811826705932617,0.3340888524055481
-1.1705557981046815,12.0,0.5260846614837646,0.17419204384088516
0.06110849049141731,18.0,-0.13929909467697144,0.01041145045310259
-0.9237152834441791,5.0,0.6901105046272278,0.2888897120952606
-1.170555795762633,14.0,0.37072789669036865,0.13273280203342439
-0.816498572789288,14.0,0.28432393074035645,0.19113274931907653
-0.48177663545094473,10.0,0.13353703916072845,0.054996404275298116
-0.7896062436486602,8.0,0.4719892740249634,0.23158622652292252
-1.0949094995634905,4.0,0.8140314221382141,0.4969592100381851
-1.0511244087264469,23.0,0.0011575170792639256,0.05515647821128369
-1.3866451745746544,5.0,0.8193788528442383,0.4029273056983948
0.4907355770734403,8.0,-0.6475090980529785,0.05074185438454151
-0.23746180137571504,2.0,-0.03830023109912872,0.1082537305355072
0.061108047952708855,9.0,-0.08462147414684296,0.020539708025753497
-1.3016905742071687,3.0,1.127569317817688,0.7539442431926727
0.4907355770734403,8.0,-0.5921621322631836,0.04426155798137188
0.4907381201210931,19.0,-0.3471008539199829,0.01447482131421566
-0.31316210811651846,7.0,0.16954578459262848,0.06392909958958626
0.7283237716036017,5.0,-0.4920364022254944,0.030232104547321795
-0.13247437111749782,8.0,0.272108793258667,0.06361165493726731
-1.4831652393829637,17.0,0.6690354943275452,0.22198910653591156
-0.46165505371095505,6.0,0.44736629724502563,0.14007466554641723
-0.13247175680315515,13.0,0.09135015308856964,0.029367015957832338
-0.13299570010866546,5.0,0.20452992618083954,0.08004252165555954
-0.7860598532464207,12.0,0.4556381106376648,0.1216156479716301
0.2680017570993627,5.0,-0.1180754080414772,0.02839404407888651
-0.6391802538692921,7.0,0.5946636199951172,0.18019813567399978
-0.48177655751949666,21.0,0.16083858907222748,0.04115163378417492
-0.16701223226985196,13.0,0.21848815888166429,0.11046643957495689
-0.6576751587466059,3.0,0.6655104160308838,0.3672530943155289
-0.24160059920300214,17.0,0.07627302408218384,0.1020161321759224
0.20084627629444074,7.0,-0.0636824518442154,0.04508224472403526
-1.1711226643768065,5.0,0.9619499444961548,0.44555593192577364
-0.8135889742774003,5.0,0.5813982486724854,0.3062636059522629
-0.40160979359791504,5.0,0.2164575159549713,0.14191669702529908
-0.6391671655356079,8.0,0.27991682291030884,0.09573906525969506
0.061108047952708855,9.0,-0.15183532238006592,0.01835681777447462
-1.3605203731818456,3.0,1.1496059894561768,0.8697568583488464
-1.170558624601041,8.0,0.37976258993148804,0.1610538437962532
-0.7860598513174712,13.0,-0.0039658090099692345,0.04914406970143318
-1.4059953105268264,3.0,0.8634223937988281,0.5753919053077697
-0.43207679008597366,13.0,-0.23275808990001678,0.06118972860276699
-0.48177922614969293,8.0,-0.11493100225925446,0.03433852203190327
-1.4831652393829637,17.0,0.2022290825843811,0.12346256583929062
-1.04711011006925,3.0,0.5770590305328369,0.4224658071994781
-1.3860631008719861,12.0,0.2586064040660858,0.13582798808813096
-0.9231622221799551,11.0,0.07098738849163055,0.06937801063060761
-1.282027956122711,8.0,0.4320695102214813,0.18580905348062515
-0.7105965212090177,12.0,0.047811057418584824,0.12292915359139442
-0.13247176947051664,11.0,-0.26409071683883667,0.015380804259330035
-0.1324717564220832,24.0,-0.2608972191810608,0.008277341090142727
0.4907381201102802,15.0,-0.4202544689178467,0.02065913114696741
-0.7582155806861648,11.0,0.3665163516998291,0.1975015816092491
-1.1705557981046815,12.0,0.45200836658477783,0.1569214269518852
-0.7861532698511118,6.0,0.437084436416626,0.16395203411579132
-0.03307146467850974,9.0,-0.04983498156070709,0.055364782214164736
-0.13256129223374757,6.0,0.02190612629055977,0.04362898252904415
-0.4616428322598577,18.0,0.07866935431957245,0.035929146707057956
-1.4831652393825991,20.0,0.40582401156425474,0.15411849945783615
-0.9232567224229347,6.0,0.6169236898422241,0.23339700996875762
-1.1711226643768065,5.0,0.7791263461112976,0.35631428599357606
-0.48177655751983284,17.0,-0.07227646559476852,0.02620085995644331
-0.7861532698511118,6.0,0.3846914768218994,0.1495781996846199
-1.4059953105268264,3.0,0.9915622472763062,0.6656193113327027
-1.1705562791194233,9.0,0.2614520192146301,0.12730553656816482
-1.0511244226679377,11.0,0.13255445659160614,0.08730409294366837
-0.4616428426823377,10.0,-0.1260388344526291,0.028847685120999812
-0.4945912514986035,9.0,0.062137115746736526,0.10140647068619728
-0.7860598645342083,11.0,0.14334674179553986,0.07120535135269165
-0.7419848505479945,9.0,0.28248950839042664,0.17163819402456285
0.2685158229710969,10.0,-0.3633190095424652,0.018543820679187775
-0.9117366704660519,12.0,0.4019542336463928,0.22702912569046022
0.06110849049147016,20.0,-0.19517509639263153,0.008791603948920965
0.44205828180528217,8.0,-0.25363415479660034,0.023145242147147655
-1.245660256132383,5.0,1.055298089981079,0.6099034297466278
-1.1498491431368014,7.0,0.7225321531295776,0.37590815663337707
-0.48177663545094473,10.0,0.0781840905547142,0.0483794517070055
-0.4527424817827985,7.0,0.23410452902317047,0.1359393858909607
0.26072829201927905,2.0,-0.4299992024898529,0.03416863966733217
-1.189967252926393,3.0,1.1938873529434204,0.7891498863697052
0.49065103776446173,6.0,-0.5023921728134155,0.0372786708176136
-1.1975518212767577,6.0,0.9325226545333862,0.4984032553434372
0.69708688800956,9.0,-0.44038596749305725,0.01861348457634449
0.49072323877091084,7.0,-0.2847331166267395,0.022081240974366666
0.9151472911969516,22.0,-0.157158762216568,0.02108851958066225
-1.3860630983947417,24.0,0.4716664254665375,0.14540732085704802
-0.6391644679104966,15.0,0.354875385761261,0.0829611174762249
0.4487581083613926,16.0,-0.034098654985427856,0.04083633936941624
-0.6391671655356079,8.0,0.5580102801322937,0.15773425817489625
0.061108047952708855,9.0,0.06499699503183365,0.029012890756130217
-0.6391644678990742,18.0,0.2911835312843323,0.06817860051989555
0.06110848828302429,12.0,0.057368092238903046,0.022524425871670247
0.4902285335083634,5.0,-0.205275297164917,0.023939390145242215
-0.06773589877099417,12.0,0.3279978334903717,0.12112176299095154
-1.2820251738866437,10.0,0.9203178286552429,0.32028625965118407
-0.48490580378205683,4.0,0.5360710620880127,0.2250602039694786
-0.4818679402370032,6.0,0.4128439426422119,0.1328684875369072
-0.3131467306661614,10.0,0.1915426254272461,0.053558603301644324
-0.9231622084060351,23.0,0.22286933660507202,0.07155608490109444
0.25091001771375754,3.0,-0.1957281082868576,0.037656267806887626
0.5849180013776316,11.0,-0.06681960821151733,0.02857556741684675
-0.13247175642243225,17.0,0.2000972479581833,0.032718805819749834
0.2685158978988774,20.0,0.037719640880823135,0.010657938905060291
-0.26225034072468434,11.0,0.42596301436424255,0.1596813628077507
0.268515897898561,17.0,0.035228293389081955,0.012275235503911972
0.4907381197504955,13.0,-0.04461409151554108,0.011840400751680136
-1.1705558783042105,10.0,0.8805919885635376,0.29125834941864015
-1.070293935694544,3.0,1.0740947723388672,0.6788453483581542
-0.461644920762053,7.0,0.1983136534690857,0.07648885041475297
0.061108490480452304,15.0,-0.1586068719625473,0.011785701140761376
-0.7474849200827889,2.0,0.5670680403709412,0.4171185052394867
-0.7860598532464207,12.0,0.15375810861587524,0.07048166006803512
-0.13247175642243225,17.0,-0.1854514479637146,0.012336560618132352
-1.3860630983951276,17.0,0.33686694502830505,0.13892128318548203
-0.1324717564220832,24.0,-0.18671147525310516,0.009541436471045018
-1.3860630984071287,15.0,0.42758697271347046,0.16290034711360932
-0.3131466667211541,11.0,0.01081179641187191,0.03267270416021347
-0.44697181281740095,10.0,0.22157886624336243,0.13058701425790786
0.4907381200577714,14.0,-0.3259204030036926,0.016678778268396855
-0.670174821425483,8.0,0.4955427646636963,0.22548626363277435
0.061108490480452304,15.0,-0.09316207468509674,0.01317394545301795
0.268515897898825,18.0,-0.14147186279296875,0.009029892925173044
-1.3860630983947617,21.0,0.41935500502586365,0.1440388959646225
-0.9231649684789189,8.0,0.6001166701316833,0.19692517399787904
-1.483165254082434,11.0,0.7139576077461243,0.2693164777755737
0.061108477568107444,11.0,-0.15257669985294342,0.015472594834864139
-0.4620613351370213,4.0,0.3376680016517639,0.1554871940612793
-1.1705557956921844,20.0,0.2657548785209656,0.10089748948812485
-1.4831653254027828,10.0,0.7337045073509216,0.2841351276636124
-1.0511244091335927,13.0,0.3144778907299042,0.1141339772939682
-1.1498491431368014,7.0,0.6818709969520569,0.35883546352386475
-0.5000882117384171,3.0,0.18148645758628845,0.14806609451770783
0.06110849049141731,18.0,-0.25070855021476746,0.009329526107758284
-1.4831657427536233,9.0,0.7424264550209045,0.2972919231653213
-1.386066003195308,8.0,0.660315752029419,0.2682320803403854
-0.38073565866719383,2.0,0.0028489530086517334,0.15676918387413025
-0.639164470199566,12.0,0.13857078552246094,0.05952323794364929
-0.4759737539052892,2.0,0.2159549593925476,0.21251484543085097
-0.6391671655356079,8.0,0.2517226040363312,0.09049172759056091
-0.39935269837043097,11.0,0.1419537216424942,0.11200477778911591
-1.0512200725832974,6.0,0.6466444730758667,0.25766552209854127
-0.8047795302275944,3.0,0.48812422156333923,0.29248744785785674
-1.0511244226679377,11.0,0.27779683470726013,0.11318100869655609
0.49072323877091084,7.0,-0.5669092535972595,0.04277185544371605
-0.28202509019351396,21.0,0.029767246916890144,0.10916869044303894
-1.483165241894624,12.0,0.6629359126091003,0.24697161585092545
0.2685158978970147,16.0,-0.2521769404411316,0.010642704255878925
-1.173872985350459,4.0,0.9167819619178772,0.4833667308092117
-1.4832661069910436,6.0,0.8308343887329102,0.38627738296985625
-0.6391644678989585,29.0,-0.2339647114276886,0.01721415650099516
-0.4616428322613687,15.0,-0.10627710074186325,0.024773447923362255
-0.46164283226010994,16.0,-0.06807243078947067,0.026489745490252972
-1.0511407565540747,7.0,0.5270565748214722,0.20054458796977997
-0.23746180137571504,2.0,-0.09541851282119751,0.09268746852874755
0.26851333212394524,8.0,-0.23149609565734863,0.018186030685901643
-1.2631381676696833,3.0,1.1405892372131348,0.8463708078861236
-1.051124490308876,10.0,0.3250598907470703,0.12640171945095063
-1.1705557956925343,17.0,0.15950211882591248,0.08998201489448547
-0.17594076799666902,6.0,-0.036736391484737396,0.0678715604543686
-0.4616431891603042,8.0,0.1360100358724594,0.0613099205493927
-0.7861532698511118,6.0,0.4373199939727783,0.16401879221200943
-1.0511244087264668,20.0,0.14072708785533905,0.07431304901838302
0.07108300622290176,18.0,-0.1349460482597351,0.05439747951924801
0.26851545943813115,9.0,-0.242716982960701,0.016782467439770698
-1.4831652393825592,26.0,0.29596981406211853,0.12131545633077621
-1.0511244087960372,14.0,0.40495744347572327,0.1283030092716217
0.06110590085290102,8.0,-0.07773908972740173,0.023030469380319118
0.49072323877091084,7.0,-0.29017749428749084,0.022219315581023694
-0.48177655790840945,13.0,0.3145180344581604,0.07123430088162422
-0.44697181281740095,10.0,0.43017908930778503,0.17955233812332153
-0.4616431891603042,8.0,0.3842492401599884,0.1035633373260498
0.48657586224446403,13.0,-0.10206262022256851,0.030216464400291444
-0.3131467306661614,10.0,0.2913033366203308,0.06695649310946465
0.2685158957107827,12.0,-0.03784738481044769,0.01457700090482831
-0.7861532698511118,6.0,0.734256386756897,0.26050855219364166
0.26850088355373425,7.0,-0.10789754986763,0.02144227087497711
0.49073812012104767,18.0,-0.11539340019226074,0.009100604355335235
-0.7860603171189469,9.0,0.6251047253608704,0.17949747800827026
-0.9231783597395438,7.0,0.7211791276931763,0.24959959983825683
-0.5000882117384171,3.0,0.42710086703300476,0.23847280263900758
-0.4817765575194767,24.0,0.0007599910837598145,0.02664420358836651
0.25091001771375754,3.0,-0.2656818628311157,0.031960890479385856
0.4907355770734403,8.0,-0.1440475583076477,0.01767270278185606
-0.31314929454649887,8.0,0.42431211471557617,0.10093405529856682
-1.4831652393847394,16.0,0.7127736210823059,0.23791450917720794
-0.9231622088082871,13.0,0.4980665445327759,0.13856017500162124
0.4907381197504955,13.0,-0.1974738985300064,0.013176416847854852
-1.189967252926393,3.0,1.152129054069519,0.7557738089561462
0.49073804585701897,10.0,-0.4351728558540344,0.026723826192319392
-0.6391644682921516,13.0,0.21339277923107147,0.06730677366256714
-1.2820418609747204,7.0,0.8019969463348389,0.32305698573589325
-0.48177655751947,25.0,-0.08200915902853012,0.021251179836690427
-0.31314665354139126,29.0,-0.12159163504838943,0.013356090486049653
-0.46165505371095505,6.0,0.2586628496646881,0.09651655107736587
-0.31367586926847624,5.0,0.1779664307832718,0.0845541113615036
-0.7860598509315069,15.0,0.2424754649400711,0.07710466533899307
-0.13247220324278697,9.0,0.028487930074334145,0.03215557754039764
-1.386066003195308,8.0,0.8531819581985474,0.33866969764232635
-1.386063098818093,13.0,0.5063962936401367,0.1883866384625435
-0.2236191113824776,5.0,0.09160665422677994,0.09995594769716262
0.4907355770734403,8.0,-0.37806665897369385,0.025373370945453645
-0.6856200453489407,5.0,0.6308276057243347,0.3124336302280426
0.2685158229710969,10.0,-0.18476897478103638,0.015110465381294489
0.4907381200577714,14.0,-0.2121957242488861,0.012828381285071373
0.061108490480452304,15.0,0.02846887707710266,0.017557496577501296
-0.7860599305878302,10.0,0.5451189875602722,0.15148788094520568
-1.189967252926393,3.0,1.0953304767608643,0.7119720327854157
-0.461644920762053,7.0,0.11750916391611099,0.06374548986554146
-1.189967252926393,3.0,0.84017014503479,0.532076985836029
0.26842803728530085,6.0,-0.5240415334701538,0.034138982072472575
-0.18841160620924624,3.0,0.0022857189178466797,0.11218649297952651
0.534194910179444,14.0,-0.25138059258461,0.020314762257039546
-0.48177922614969293,8.0,0.30948737263679504,0.0906120078265667
-1.4831652394559547,14.0,0.6130754351615906,0.2221406888961792
-0.38073565866719383,2.0,0.24043597280979156,0.2535831534862518
-0.13256129223374757,6.0,0.041022010147571564,0.04574332781136036
-0.7860598509198928,21.0,0.1602088212966919,0.05797113977372646
-1.483165241894624,12.0,0.6841249465942383,0.2531479901075363
-0.4620613351370213,4.0,0.29879462718963623,0.1439583507180214
-1.245660256132383,5.0,0.925893247127533,0.5338236176967621
0.061108490426980855,14.0,-0.2569328248500824,0.011668484769761562
-0.5485112796646447,5.0,0.34570619463920593,0.19197964072227477
-1.3860630983968785,16.0,0.37790191173553467,0.14955985009670258
-1.4837554942276217,5.0,0.9699466824531555,0.49426917612552645
0.4389568127766478,12.0,-0.43570467829704285,0.01582826355472207
-1.4832661069910436,6.0,0.866706371307373,0.4027421468496323
-0.19615365452271716,6.0,-0.07734192162752151,0.0628247033804655
0.06110590085290102,8.0,-0.2297774851322174,0.018782481886446475
-0.3131467306661614,10.0,0.056704986840486526,0.038739033117890356
0.9669285220474955,10.0,-0.5246112942695618,0.02278744664043188
-0.9231649684789189,8.0,0.6317511200904846,0.2062163046002388
-0.13553775852402428,4.0,0.11534461379051208,0.0803440923988819
-0.8047795302275944,3.0,0.7224575281143188,0.4145227402448654
0.8716879580258214,8.0,-0.5644111037254333,0.029045367278158665
-1.0511244087960372,14.0,0.46402817964553833,0.14002944499254227
-1.0511244226679377,11.0,0.5347022414207458,0.1690303388237953
-0.2442160707937826,5.0,0.2271771878004074,0.1332048949599266
-0.926398680708169,4.0,0.7490506172180176,0.3630133008956909
0.061108047952708855,9.0,-0.1604379266500473,0.01814573373645544
-0.04287542713154646,2.0,-0.09630173444747925,0.08402216896414756
-1.4059953105268264,3.0,1.2763885259628296,0.8916469883918762
-1.1705558783042105,10.0,0.35239487886428833,0.1430768847465515
0.1654901967811837,2.0,-0.5537736415863037,0.020825731735676527
-0.8146345294434145,12.0,0.5455105304718018,0.2555167835950851
-0.7860598509878374,14.0,0.3548978269100189,0.09666342243552208
-1.483165254082434,11.0,0.7752825617790222,0.28880448460578917
-1.4059953105268264,3.0,1.1348909139633179,0.7753609013557434
-0.5004389841368255,6.0,0.044221192598342896,0.10087428167462349
-1.051124490308876,10.0,0.2754441201686859,0.11620959177613259
-1.486619279658184,4.0,0.895456850528717,0.5135571086406707
0.25828191563486846,12.0,-0.5029828548431396,0.016714631114155054
-0.3860630983947615,21.0,-0.1539563685655594,0.09102330729365349
0.15315299348053846,6.0,-0.27727222442626953,0.031049290150403978
-0.3131467306661614,10.0,0.06735923141241074,0.03977904461324215
-0.4051101980608276,8.0,0.2731143534183502,0.1387298646569252
-1.1705558783042105,10.0,0.5869407653808594,0.2016822212934494
-1.0949094995634905,4.0,0.8344385623931885,0.5088804399967194
-1.0511244091335927,13.0,0.22592119872570038,0.09845326706767082
-1.0511272023778642,8.0,0.4189070463180542,0.1599799659848213
-1.3016905742071687,3.0,0.8351706862449646,0.5430529749393463
-1.1705562791194233,9.0,0.23044109344482422,0.12070183619856835
-0.13247175680315515,13.0,-0.3768935799598694,0.013011743947863579
-1.0516842123726384,5.0,0.4636172354221344,0.21636774599552155
-1.486619279658184,4.0,0.8234735727310181,0.47181708216667173
0.6494657130763264,8.0,-0.812982439994812,0.04561577893793583
-1.189967252926393,3.0,0.7272273898124695,0.4612810832262039
-0.48177701355700364,9.0,-0.14183254539966583,0.03005599420517683
-1.2825993771685162,5.0,0.6235857009887695,0.3014105540513992
0.2685158229710969,10.0,-0.5544388890266418,0.029594472125172615
-1.245660256132383,5.0,0.7390317320823669,0.43355258941650393
-0.9231622084060551,20.0,-0.07539349794387817,0.04300408311188221
-1.4831824764701351,7.0,0.6777357459068298,0.3007619547843933
-0.48177663545094473,10.0,-0.10640092194080353,0.030909290574491023
-1.282025579947099,9.0,0.44549238681793213,0.1821890091896057
-0.4620613351370213,4.0,0.04129801690578461,0.08172603622078896
0.49073804585701897,10.0,-0.5168460011482239,0.03319224879145622
0.06109333650162441,7.0,-0.14585526287555695,0.022920425720512866
-0.07558063117323788,5.0,0.10065456479787827,0.09313518717885018
-0.5000882117384171,3.0,0.4457690715789795,0.24640535175800324
0.4902285335083634,5.0,-0.3904842436313629,0.028996158763766287
-0.18841160620924624,3.0,0.3126643896102905,0.21301272571086882
-1.5033775160389884,3.0,1.3979206085205078,1.015642626285553
-0.4817765575195033,20.0,-0.19109070301055908,0.017922183126211168
0.07683779159395221,21.0,-0.24676479399204254,0.049260143116116525
-0.4817921737507689,7.0,0.14898347854614258,0.06958198994398117
-0.3212346753032629,3.0,0.14530885219573975,0.1623621717095375
-0.4616428426823377,10.0,0.1569068729877472,0.056908462420105936
-1.0511272023778642,8.0,0.5842750668525696,0.20569982022047043
-1.0516842123726384,5.0,0.6765021085739136,0.297457280755043
-0.40160979359791504,5.0,0.15671628713607788,0.12651270121335983
-1.1705557981046815,12.0,0.3929370045661926,0.1438739350438118
-0.6391649288933703,9.0,0.19223932921886444,0.07556786879897118
-0.13553775852402428,4.0,-0.052372924983501434,0.05283627822995186
-0.31314665354150484,18.0,-0.009988893754780293,0.023666627295315264
-0.020116849244532276,13.0,0.026095643639564514,0.06915408983826637
-1.4831652393825792,23.0,0.3511672616004944,0.13672216951847077
-0.4616428323118613,13.0,0.1596602201461792,0.05035018809139728
-0.13247176947051664,11.0,0.03829121842980385,0.028608932234346865
-1.483165241894624,12.0,0.7144078612327576,0.2621143561601639
0.26851545943813115,9.0,-0.20733411610126495,0.016504607759416104
-1.0511244087264402,24.0,0.23247425258159637,0.08042229115962982
-0.9010755751703299,8.0,0.6542091369628906,0.3073039817810059
-0.48490580378205683,4.0,0.3605242371559143,0.16422772347927095
-0.13247175642203657,31.0,-0.12433411926031113,0.00922702219337225
-0.9487085276413871,7.0,0.6823562979698181,0.3318634456396103
0.49073811795238664,12.0,-0.345497190952301,0.019235848188400267
-0.5987826333933679,4.0,0.5431976318359375,0.2988616633415222
-0.5889322915522006,2.0,0.40784701704978943,0.31234833002090456
-1.3016905742071687,3.0,0.9359240531921387,0.6113316714763641
0.4877561324269082,4.0,-0.7782363891601562,0.07246997885406017
-1.070293935694544,3.0,0.8261100053787231,0.5081104123592377
-0.4759737539052892,2.0,0.06383103132247925,0.15338860094547271
-1.3866451745746544,5.0,0.837342381477356,0.4117112165689468
-0.7860603171189469,9.0,0.12570208311080933,0.07414926275610924
0.16632110146105328,20.0,-0.31413134932518005,0.036846853271126745
0.34673409842239333,6.0,-0.3808790445327759,0.024793635085225106
-0.13247175643323472,15.0,-0.03930461034178734,0.019059819094836714
-1.0527467633091403,7.0,0.7592243552207947,0.37781146466732024
-1.0511244226679377,11.0,0.43549656867980957,0.14594365030527115
-0.31316210811651846,7.0,0.09701284766197205,0.053843147903680805
0.26072829201927905,2.0,-0.38751518726348877,0.038925684541463855
-0.7105965212090177,12.0,0.6059885621070862,0.2597691434621811
-0.3131471048581399,9.0,0.3356911242008209,0.07836160257458687
-1.4059953105268264,3.0,1.3522586822509766,0.957956041097641
-1.0511244087960372,14.0,0.17485611140727997,0.08814780443906783
0.7763653234787478,6.0,-0.7159725427627563,0.04859525643289089
0.8240565721042443,7.0,-0.45471668243408203,0.024645500406622885
-0.13256129223374757,6.0,0.2799170911312103,0.08107964232563973
-0.13247175865192395,12.0,0.19440743327140808,0.04009848199784756
0.17035934162445776,17.0,0.11290977895259857,0.07578060880303383
-1.189967252926393,3.0,1.2111908197402954,0.8034359073638916
0.7283237716036017,5.0,-0.6484187245368958,0.04294896371662617
-0.31314665360722027,14.0,0.17441435158252716,0.04272448554635048
0.3437186434119719,10.0,-0.02966848947107792,0.04050527222454548
-0.35354255817721336,6.0,0.4816441535949707,0.20308136075735092
-1.3860630983968785,16.0,0.601893961429596,0.1985011577606201
-1.1705558783042105,10.0,0.6767184734344482,0.22717622727155684
0.24854806058962153,4.0,-0.16707026958465576,0.04653094157576561
-0.4191931321921747,2.0,0.4461076855659485,0.3189386516809464
0.043338862379365684,3.0,-0.06714881211519241,0.06076006010174751
0.4877561324269082,4.0,-0.27356112003326416,0.026034147962927818
-0.9274367928374008,3.0,1.1052932739257812,0.7660058021545411
-0.1283115874287195,7.0,0.12363909184932709,0.08912474617362022
-0.13247220324278697,9.0,0.0777260884642601,0.03640791319310665
-0.4759737539052892,2.0,0.40622615814208984,0.3024794840812683
0.061108477568107444,11.0,-0.1223054826259613,0.01619786161929369
-0.4759737539052892,2.0,0.3512539863586426,0.2746545898914337
0.26851333212394524,8.0,-0.2570469379425049,0.018483314476907254
-0.7670154797704736,13.0,0.4167696535587311,0.2156587752699852
-0.6576751587466059,3.0,0.5451121926307678,0.3059007102251053
-0.4817921737507689,7.0,0.21262700855731964,0.08010316610336304
0.1654901967811837,2.0,-0.33621659874916077,0.034099100008606914
-0.7860598509878374,14.0,0.46537959575653076,0.11595249831676484
-1.3016905742071687,3.0,1.2472920417785645,0.8506669247150421
-0.7861532698511118,6.0,0.3203708529472351,0.1330229312181473
-1.051124408738354,15.0,0.17189908027648926,0.08595126688480377
-0.639164546677528,10.0,0.11986830085515976,0.061703281849622725
-0.06773589877099417,12.0,-0.0892593264579773,0.05558836653828621
-1.070293935694544,3.0,0.778722882270813,0.4785508620738983
-1.189967252926393,3.0,0.6773548126220703,0.4318202525377274
-0.9231622084060633,19.0,-0.1577014923095703,0.03653531216084957
-0.15041331985754836,3.0,-0.3101973235607147,0.03674553390592337
-1.051124490308876,10.0,0.3930976092815399,0.14120934665203094
-0.639164481361336,11.0,0.12632285058498383,0.060085584074258805
-0.13248705703889274,7.0,-0.07055122405290604,0.030726948156952857
-0.9231622088082871,13.0,0.3104263246059418,0.10277031019330024
0.1861960052365087,3.0,-0.24406835436820984,0.04930236108601093
-0.13247175642216402,18.0,0.07450132817029953,0.022879852578043938
-0.4759737539052892,2.0,0.4869624078273773,0.346009321808815
0.06109333650162441,7.0,-0.07282509654760361,0.026137440763413906
-0.4620613351370213,4.0,0.4110659956932068,0.17877077043056488
-1.2820250902057155,15.0,0.4798937737941742,0.16319743752479554
-0.31314929454649887,8.0,0.14917492866516113,0.05567435659468174
0.0610198127081073,6.0,-0.05274812877178192,0.03136538665741682
-1.2820250926375893,12.0,0.6441118717193604,0.21686623960733414
-0.7860625790132088,8.0,0.4740244150161743,0.1498185032606125
-0.13299570010866546,5.0,0.06440983712673187,0.057057588025927544
-0.33126874906638926,3.0,0.2741802930831909,0.16730486512184142
-1.3894692789382093,4.0,1.1194502115249634,0.640431832075119
0.0610198127081073,6.0,-0.26556435227394104,0.022956043481826782
-1.10044828265128,6.0,0.7405413389205933,0.39073897659778595
-1.0511407565540747,7.0,0.5119286179542542,0.19600000888109206
0.5541423229995869,6.0,-0.5342822074890137,0.028138993121683598
-0.7866065177598829,5.0,0.5723448991775513,0.22931407243013383
-0.1283115874287195,7.0,0.07203876227140427,0.0799538791179657
-1.0544002553486589,4.0,0.8128555417060852,0.4108117359876633
-1.2820250902057155,15.0,0.31894615292549133,0.1304755637049675
-1.1485499364794158,5.0,0.7345666289329529,0.4181194484233856
0.06109333650162441,7.0,-0.3081464171409607,0.02064678031951189
-0.6391644679661974,14.0,0.09399235993623734,0.05085288293659687
0.06058956779583835,5.0,-0.17109571397304535,0.029151919409632684
-1.0511407565540747,7.0,0.6710449457168579,0.24690262615680694
-0.4936941963141054,2.0,0.2919613718986511,0.28697611927986144
0.7283237716036017,5.0,-0.6107627153396606,0.03888960175216198
-0.461642832259895,17.0,0.19880244135856628,0.04838514946401119
-1.282027956122711,8.0,0.8798539638519287,0.3346866726875305
0.0610198127081073,6.0,-0.04959952458739281,0.03157433081418276
-0.9231622084747895,14.0,0.4089494049549103,0.11754356533288955
-0.04287542713154646,2.0,-0.015856437385082245,0.10531490787863731
0.15315299348053846,6.0,0.08800141513347626,0.07098245561122894
0.05236266810654888,2.0,0.06933033466339111,0.15507000029087067
-0.15041331985754836,3.0,0.3486088216304779,0.18075740426778794
-1.4831653254027828,10.0,0.9722995162010193,0.3687935292720795
-0.35748888854751804,9.0,0.35060274600982666,0.15156356632709503
-1.0511248861286202,9.0,0.667411208152771,0.21986780643463136
-1.2820250902057155,15.0,0.4861675798892975,0.1645500785112381
0.13727106113920984,13.0,-0.045067861676216125,0.05113133355975151
0.4907381201211086,20.0,-0.14309589564800262,0.03565314754843712
0.26851333212394524,8.0,-0.09933780878782272,0.01927042957395315
-0.31624350645343346,4.0,0.3946342170238495,0.16234640389680863
