reward,episode_len
22.657145352900056,26.0
3.7246295492364885,6.0
13.15782855537174,16.0
14.113017234617022,17.0
25.45341897955552,29.0
20.6362877797353,24.0
7.445041710904011,10.0
10.32200636695395,13.0
28.31503129417622,32.0
15.144784452568727,18.0
0.920461572698447,3.0
1.7482083165215228,4.0
0.8779199654574594,3.0
2.82953175755451,5.0
14.02589298117596,17.0
11.214835108599393,14.0
13.225628930817601,16.0
2.8405391695504223,5.0
28.204198228971766,32.0
17.007984939645596,20.0
23.49978770637344,27.0
15.899290086856375,19.0
0.9388077980630128,3.0
6.442405776141593,9.0
16.07009780491883,19.0
33.912948316146554,38.0
36.84346610761705,41.0
9.415916456067682,12.0
16.01078601115736,19.0
5.532314806974058,8.0
7.480256256955764,10.0
160.56452528030923,180.0
12.24253945515617,15.0
8.396166034442972,11.0
5.688679245283017,8.0
16.164904027069852,19.0
0.9062218522499124,3.0
8.472264923010071,11.0
2.7586634707972135,5.0
0.8352724707400716,3.0
1.7643179943322616,4.0
11.360978308063489,14.0
15.014908229953713,18.0
17.931615409589487,21.0
8.505626449079564,11.0
160.14422818457825,180.0
1.7449035438875573,4.0
160.32839835902598,180.0
160.62585829621545,180.0
161.58019130774565,180.0
163.21313492184666,180.0
161.58286543295114,180.0
161.71886339430912,180.0
162.32499546978093,180.0
162.64592381604731,180.0
161.11676644980972,180.0
161.3750364814846,180.0
160.91497284651044,180.0
161.1039447838915,180.0
161.8479629227441,180.0
161.8101031504793,180.0
162.13209072880545,180.0
162.48018906271216,180.0
160.79670901907897,180.0
163.44917743256272,180.0
162.06406448425517,180.0
161.15938699858427,180.0
163.4748893988359,180.0
163.00226319964094,180.0
2.8231765772719384,5.0
161.13059273859662,180.0
162.14027441675154,180.0
161.96814318516178,180.0
162.69635456737163,180.0
161.9546957587947,180.0
163.01769987142654,180.0
162.1943085126423,180.0
161.34090436936762,180.0
163.01519671724807,180.0
4.704354155668402,7.0
162.50536913388504,180.0
11.095498355655867,14.0
162.08037102661766,180.0
162.6480383588073,180.0
162.73864071615608,180.0
161.63148397098877,180.0
161.49471015632454,180.0
162.55763070251575,180.0
161.76931789075724,180.0
163.42472745944795,180.0
161.83861448631282,180.0
162.92570341292307,180.0
162.26448554455118,180.0
64.33700077789368,74.0
163.14628463553947,180.0
162.05615262752053,180.0
161.7018543629451,180.0
162.696098014474,180.0
163.27885548499265,180.0
18.446144823650243,22.0
162.96916160469388,180.0
28.86731687749305,34.0
21.937261090342215,26.0
4.431216889874476,7.0
4.382270229327359,7.0
162.80941756750127,180.0
163.14776045378494,180.0
162.17916854033226,180.0
161.67069955246262,180.0
10.513858129506376,14.0
162.6949876310896,180.0
145.61338655904498,163.0
15.3130845787365,19.0
162.39990292658612,180.0
161.46492330009093,180.0
162.3317892534395,180.0
162.5207620089605,180.0
0.8477775919258361,3.0
162.13132369086912,180.0
162.03840381880164,180.0
163.49084711369525,180.0
162.4843769953909,180.0
161.79433006776145,180.0
162.44001992411108,180.0
162.14351776273693,180.0
163.3436980866425,180.0
162.23615832821915,180.0
162.0512101896432,180.0
163.62398415594163,180.0
162.90241333913823,180.0
161.83871061721524,180.0
161.6801390888649,180.0
162.73510936041865,180.0
163.02894288883525,180.0
162.47973888050254,180.0
162.84185315047472,180.0
161.7501603996859,180.0
35.68919772847826,42.0
162.5818780726507,180.0
162.52072744524523,180.0
162.51029381164557,180.0
162.34998543596132,180.0
163.9090689698766,180.0
162.27381744058442,180.0
162.6602784296292,180.0
128.14274732676074,143.0
7.389805565917937,10.0
25.320709541509363,30.0
163.77357092472616,180.0
162.22141050222103,180.0
6.3855080666534745,9.0
162.57641762327057,180.0
6.467336537896229,9.0
21.661874368477292,26.0
161.64501791935976,180.0
163.3825969056837,180.0
161.5183032923776,180.0
162.66475487635694,180.0
146.16191184706943,163.0
163.0279375793007,180.0
7.2016836025072015,10.0
162.76181248204176,180.0
162.99799449378804,180.0
162.44764605325665,180.0
22.274787912789392,27.0
15.92920789383854,20.0
14.507041692117227,18.0
4.424766587279647,7.0
162.07312819330028,180.0
162.72802739881772,180.0
163.06731832432774,180.0
76.8063347233092,87.0
21.947177502198812,26.0
7.167150209143736,10.0
162.66124796134943,180.0
162.2440389458248,180.0
162.14470681605778,180.0
163.52394516571036,180.0
161.39182769862146,180.0
162.43482427773688,180.0
163.46144611245762,180.0
29.173631967680446,34.0
163.0944044842604,180.0
163.06881601517128,180.0
162.82138226896808,180.0
5.745912056331056,8.0
163.52347813103785,180.0
163.44461309770938,180.0
162.90202403973475,180.0
163.7963979019074,180.0
161.94475141792807,180.0
83.52724761106101,94.0
162.75611047467194,180.0
33.98023843829826,39.0
11.966529906695543,15.0
95.0459585514848,108.0
161.59016426448866,180.0
47.74171440081891,55.0
162.49190671430958,180.0
163.8298180224665,180.0
163.56602728375938,180.0
162.22611100613707,180.0
53.336567647240884,61.0
52.281037746004976,60.0
35.32722869228636,41.0
132.0715846125951,147.0
55.050143598551216,62.0
163.16307847412588,180.0
163.11181514757556,180.0
40.85129559353186,47.0
6.342354352705244,9.0
163.60132969325642,180.0
163.40368777560042,180.0
164.0955437233963,180.0
162.54806555809057,180.0
162.84689090586724,180.0
162.06122212352247,180.0
5.487127435712053,8.0
163.13087357253045,180.0
163.9681012145732,180.0
161.35876421209366,180.0
162.52212279181535,180.0
163.78636650487138,180.0
163.85372014382548,180.0
164.47238216880407,180.0
164.55057411280293,180.0
100.8408351283362,114.0
119.20121047531295,134.0
73.54041391147476,83.0
163.77079884404324,180.0
2.460423605733351,5.0
162.92477577751967,180.0
163.16461841445255,180.0
146.21259698914182,163.0
162.68843608060496,180.0
163.44435024845922,180.0
134.94463646834365,151.0
163.69202409037692,180.0
163.51652562660388,180.0
163.66405454929512,180.0
163.27999972107142,180.0
163.41409004625763,180.0
163.4357472169993,180.0
161.65322341177247,180.0
162.94829045343084,180.0
163.2062928915775,180.0
162.14929577750345,180.0
163.64787431812329,180.0
162.11592220287505,180.0
38.99054635276013,44.0
162.781460417955,180.0
161.83522539630263,180.0
163.2849108227828,180.0
34.52436748555647,40.0
163.94520157050354,180.0
163.43742362493003,180.0
163.350164918827,180.0
3.7891210377980364,6.0
163.60205881514065,180.0
162.02143880004996,180.0
164.17326482799425,180.0
39.581437363730046,46.0
163.4191315440247,180.0
155.0923299280622,174.0
85.90274899850432,97.0
162.91380966867945,180.0
162.63505710280074,180.0
163.12219211787823,180.0
162.7677373072544,180.0
162.63286240214896,180.0
94.54456364019377,106.0
9.870126418262133,13.0
163.56602893705664,180.0
162.2460284008475,180.0
164.00174841676838,180.0
163.82438560948262,180.0
163.75699222629132,180.0
133.53393140573712,150.0
163.0848000656845,180.0
163.4323049471981,180.0
162.26457207156946,180.0
162.1066921529813,180.0
163.14914638382692,180.0
162.34629352451103,180.0
58.98399717796698,67.0
164.7168606060842,180.0
38.45572580042381,44.0
162.2803613750333,180.0
161.97745221158456,180.0
163.63516442718475,180.0
162.9760675484311,180.0
163.2891117923417,180.0
42.30053954149455,49.0
14.62194136340053,18.0
163.17264390624146,180.0
78.17697863963254,88.0
162.89697091284984,180.0
162.89961580027747,180.0
163.73318555922927,180.0
164.30775117509407,180.0
122.80138506757604,138.0
99.19394504759377,112.0
3.54086921097948,6.0
163.02657455587297,180.0
162.614438576613,180.0
162.84064897010163,180.0
162.16196426003862,180.0
162.27425863821023,180.0
8.111389095910305,11.0
163.35365845101964,180.0
145.5664049759735,162.0
153.6098401936243,171.0
164.02141168809237,180.0
130.67943441553342,146.0
0.9685534591194969,3.0
163.23976899638848,180.0
152.17765372765817,171.0
162.68325341321759,180.0
163.3151770948554,180.0
162.45239293936757,180.0
163.4362765823191,180.0
163.17021024720933,180.0
164.1168666938728,180.0
81.86212797045748,92.0
32.27051004162591,38.0
162.57931753841706,180.0
46.101426782884424,53.0
163.16947553609782,180.0
162.92786206405745,180.0
162.04481465133142,180.0
163.77579325403323,180.0
163.5813550423542,180.0
161.57246980261658,180.0
162.12650700111234,180.0
162.40481155330565,180.0
163.12050130524517,180.0
54.51529937027034,62.0
161.9866460260381,180.0
161.91064368089383,180.0
162.82484790836202,180.0
163.97566111464707,180.0
162.4715603368225,180.0
162.98566767488762,180.0
22.514753422055147,27.0
162.48637207035304,180.0
163.175763904827,180.0
163.60373780650556,180.0
162.44046703493592,180.0
163.45275314988234,180.0
163.27587974864815,180.0
163.40208339382937,180.0
161.6297565394333,180.0
163.07368091614606,180.0
163.9792764705997,180.0
28.177307792929163,33.0
0.8380960568410181,3.0
163.520950472931,180.0
112.16709172732443,125.0
87.52343976799169,98.0
162.99945168046952,180.0
163.76942450533363,180.0
163.31957173583163,180.0
162.28603256250963,180.0
163.74782489328945,180.0
162.4124144991131,180.0
164.19793617394282,180.0
162.97679800906516,180.0
162.9328758701863,180.0
162.02714085639911,180.0
163.80553177210115,180.0
163.1530801772288,180.0
164.27524901997137,180.0
92.48014613430782,104.0
53.407721479678514,61.0
162.05482100295552,180.0
162.24904399794838,180.0
163.84508106386937,180.0
162.46549708597365,180.0
161.2975298204306,180.0
162.13163925794493,180.0
163.2604285449686,180.0
38.02729525345674,44.0
163.24141912139737,180.0
162.7562327430574,180.0
164.11801467732278,180.0
162.13914886611633,180.0
125.84880993303885,141.0
163.69431199376714,180.0
164.65535167460007,180.0
162.3604113420661,180.0
162.91633519632444,180.0
162.13310481367628,180.0
163.80066679560048,180.0
162.4844073971022,180.0
162.40017069636104,180.0
162.92324481489,180.0
162.9363857118542,180.0
162.9844928231566,180.0
162.66300517710326,180.0
164.63439432132887,180.0
162.719581795404,180.0
163.1375500141204,180.0
163.39250891431084,180.0
162.95542945185363,180.0
163.75216344265604,180.0
162.9059531185342,180.0
164.03652764488834,180.0
162.4088703567318,180.0
162.53460217565652,180.0
163.13530230810838,180.0
163.71065327908278,180.0
124.48367745431639,140.0
163.25921392569134,180.0
2.6170569376747093,5.0
162.28770649130095,180.0
164.704422407756,180.0
162.31247710490513,180.0
163.47459905005147,180.0
162.97881063302913,180.0
163.03734148746346,180.0
163.35456401240418,180.0
163.345708002411,180.0
163.85984105538142,180.0
163.86464031125615,180.0
164.47864861472542,180.0
162.85052350408898,180.0
163.88867632383105,180.0
163.4913563639849,180.0
164.2360829522035,180.0
62.8788651203605,71.0
162.13628033345128,180.0
33.87360032012304,39.0
164.05461121503149,180.0
163.96434113781777,180.0
164.3419306932455,180.0
163.60236223958304,180.0
164.24955110967602,180.0
58.82811884811647,67.0
15.71616218664538,19.0
163.56520098643531,180.0
164.88220466480828,180.0
162.30027479298076,180.0
5.568879130310412,8.0
72.03440210879245,81.0
14.604926539178333,18.0
163.00885591062416,180.0
164.05717055471482,180.0
163.51711735275222,180.0
164.38840659507898,180.0
163.36629592350428,180.0
163.9209264703035,180.0
162.5211487608583,180.0
163.38720300260837,180.0
163.2647203290013,180.0
164.4530723914301,180.0
163.47694278766753,180.0
30.29492943439992,35.0
164.83896166212648,180.0
164.1035207561999,180.0
164.61851793069516,180.0
163.4897718021593,180.0
163.30912014797056,180.0
163.76990477494996,180.0
164.2119561848927,180.0
123.45105581396952,136.0
163.9223145877016,180.0
164.11034978939935,180.0
58.807435656142935,66.0
163.17291154381547,180.0
163.878231734063,180.0
165.1539825165579,180.0
162.93162015239548,180.0
163.972012876031,180.0
80.85623167439259,91.0
164.11692493398277,180.0
9.041829578416376,12.0
164.65679680998872,180.0
41.89928319649063,48.0
25.34133793281796,30.0
42.30406892977387,49.0
5.476223120468323,8.0
140.84552646840302,157.0
0.8220374104654207,3.0
163.40532906887586,180.0
33.63732922478306,39.0
163.67284294826348,180.0
162.85784504503354,180.0
163.42642475776984,180.0
164.3797697348808,180.0
48.54362293250137,55.0
163.18349426570714,180.0
163.61112803808777,180.0
161.66478941221777,180.0
164.52497057649632,180.0
162.657496773147,180.0
11.904115692420172,15.0
59.86485887371595,68.0
161.89057772668718,180.0
163.74632225239688,180.0
164.10572553275594,180.0
163.4683617375426,180.0
163.5564474612733,180.0
163.53601432540407,180.0
103.98499878536397,117.0
163.55115466827917,180.0
164.3159834567846,180.0
24.334135892604834,28.0
138.14886407340322,153.0
106.42239198924418,119.0
163.37543049534133,180.0
164.94791054015542,180.0
162.32318169317895,180.0
162.87986665572342,180.0
162.6794456885301,180.0
163.73010011221854,180.0
164.77668603033834,180.0
163.36239275168478,180.0
163.29826632179396,180.0
163.89591357223114,180.0
164.03270545414165,180.0
163.11768189319656,180.0
164.2341662420461,180.0
162.79768933420473,180.0
57.59785633605229,66.0
164.34376235506008,180.0
163.88447765733574,180.0
163.51384905596424,180.0
164.5403580600982,180.0
25.555948957677067,30.0
162.77693361061296,180.0
163.59605124504014,180.0
161.9199138102339,180.0
163.76565228748117,180.0
163.04966342075798,180.0
63.90758007888817,73.0
163.99257122182414,180.0
163.79713742925827,180.0
164.14598436767935,180.0
162.7525145162703,180.0
163.61221441675306,180.0
162.56710302361157,180.0
18.26165675197293,22.0
14.552158699487304,18.0
162.70680030036152,180.0
94.90926171841264,107.0
163.90539164932554,180.0
79.06472268536697,89.0
163.17308711948306,180.0
163.30566563897014,180.0
163.45177748922015,180.0
164.25672924935776,180.0
164.44345149718518,180.0
164.80162817743877,180.0
163.9973948767111,180.0
93.3281424654938,105.0
163.78122191674083,180.0
163.3183220055377,180.0
31.154867782323926,36.0
163.84327828414567,180.0
67.22399665998178,76.0
162.6784125882907,180.0
164.36954793833726,180.0
163.6510929370652,180.0
162.08832384126845,180.0
121.53240049496073,135.0
164.09012667428894,180.0
163.04164190619517,180.0
164.07938227359293,180.0
37.42041898866651,43.0
52.204773445027016,59.0
162.41216997867264,180.0
163.72803235972208,180.0
69.92646485895945,78.0
162.85406557483165,180.0
162.9989673620667,180.0
163.9572302885237,180.0
105.8117231733092,119.0
163.13827610963648,180.0
76.83810233811809,86.0
163.48763087909825,180.0
162.95889617988192,180.0
22.738363576088926,27.0
164.51905223997252,180.0
162.45418424610145,180.0
163.19702230975673,180.0
164.34339240848595,180.0
163.57938982425756,180.0
164.25196319169999,180.0
104.50555490388055,117.0
162.87805476121736,180.0
162.3715889547518,180.0
33.17109258193561,39.0
162.07583586251712,180.0
164.26272560787737,180.0
164.5875535391326,180.0
164.226355482228,180.0
163.18363150597818,180.0
162.82272362941245,180.0
164.12624650468936,180.0
163.93211472738057,180.0
163.7143349172139,180.0
11.811734437635376,15.0
164.009180525433,180.0
164.3224438991462,180.0
164.28145424375344,180.0
75.37201878751135,85.0
164.73767143801257,180.0
164.15227965314136,180.0
162.90923061223904,180.0
164.164534474528,180.0
162.86775190800753,180.0
164.5951853536185,180.0
147.14293138843564,164.0
163.2538103374363,180.0
163.3733829874322,180.0
163.60064740101555,180.0
161.62555441802908,180.0
159.74811099969133,178.0
46.76252585065362,53.0
2.6711267176305924,5.0
8.996015262437464,12.0
163.78632202103125,180.0
162.55034751294173,180.0
9.328097091549859,12.0
163.45868438763213,180.0
162.70573135979245,180.0
163.31858995983316,180.0
14.416240763194818,18.0
161.9604135353212,180.0
161.5510746986761,180.0
164.43540379558618,180.0
163.80226201684758,180.0
164.30197426903823,180.0
164.12330036465164,180.0
162.45873763112454,180.0
164.1134562487252,180.0
164.10578196169894,180.0
48.69859331333858,55.0
162.88841298772294,180.0
163.03465072872908,180.0
163.90614545292905,180.0
21.336999604576746,25.0
163.48681155820742,180.0
162.26157289361444,180.0
79.28711781287463,89.0
163.64361917492081,180.0
162.55750035801174,180.0
8.504151711149941,11.0
85.93886786164148,95.0
163.7533469138046,180.0
8.244473378849609,11.0
163.00771062101109,180.0
163.051058262004,180.0
163.67187794504574,180.0
13.722221599604463,17.0
162.5677741559499,180.0
164.04059041411136,180.0
163.0681550492947,180.0
164.99336969526098,180.0
162.7411977017098,180.0
163.11088732796463,180.0
164.5833648711669,180.0
162.11453300809785,180.0
55.16632398689952,62.0
163.90296217695294,180.0
163.44513888233217,180.0
162.87455050354998,180.0
164.7824933876054,180.0
164.1920562263177,180.0
163.4303730588344,180.0
162.5762063310286,180.0
56.488060481491914,64.0
163.35265201774033,180.0
24.043712506688568,28.0
30.36678559227226,34.0
27.272144413368206,32.0
56.50231073534136,64.0
103.90816207336003,115.0
163.70664901359856,180.0
163.11346614739082,180.0
146.94165971196017,163.0
164.32347555712812,180.0
162.43400899275215,180.0
163.45813324410253,180.0
164.3859697069269,180.0
143.78651382388426,160.0
126.06047848247707,140.0
163.5275805419833,180.0
135.46197309532866,151.0
162.7117622379227,180.0
31.24521191970086,36.0
162.36364675316344,180.0
163.92492770794527,180.0
166.030485500402,180.0
131.00905753840752,146.0
164.29610261099555,180.0
21.789074673228452,26.0
163.66924309015872,180.0
164.22061778431112,180.0
17.081747246422243,20.0
165.2944608095235,180.0
163.6758254306799,180.0
163.52974162634644,180.0
163.83238340963038,180.0
163.8497276761164,180.0
163.22924149277773,180.0
162.9866490477501,180.0
163.95670530319296,180.0
164.79852360897036,180.0
163.73181341170852,180.0
163.80951488755767,180.0
162.42549475008963,180.0
163.85452893819348,180.0
163.17216574964974,180.0
164.75315570474007,180.0
163.00620997297858,180.0
8.230806553417326,11.0
145.1572623928344,161.0
162.99831964612753,180.0
164.05201884815378,180.0
165.15501860875221,180.0
162.699515067961,180.0
163.99320672871198,180.0
163.45526375706604,180.0
163.9655685807067,180.0
162.7453625516178,180.0
11.143618088896748,14.0
27.844633549095867,32.0
163.90486503738896,180.0
18.296039405221137,22.0
164.3898140141423,180.0
163.9117394545102,180.0
164.12306779906606,180.0
164.41591614485714,180.0
163.9903266768606,180.0
164.16023437867514,180.0
163.5643552290364,180.0
60.054278967603366,68.0
163.16960037555424,180.0
163.87577661170016,180.0
164.08583017423763,180.0
163.77013599027,180.0
162.85833932374342,180.0
164.40530319699116,180.0
21.24187983951896,25.0
165.28025217357504,180.0
163.66234072428261,180.0
164.1394911306968,180.0
51.750266066869365,59.0
164.08705117072057,180.0
163.99862295756378,180.0
163.23210851656688,180.0
63.95903063411672,72.0
101.05294980466897,113.0
27.47335097950459,32.0
63.125322172889014,71.0
164.7672486835604,180.0
163.73225665389114,180.0
164.48355660012544,180.0
0.9679034778915585,3.0
21.32487560534846,26.0
164.2354747649768,180.0
163.50259215623598,180.0
163.86110345959435,180.0
162.98623024046367,180.0
163.93967533402227,180.0
122.86620816894022,137.0
163.9603829859017,180.0
162.8270966823014,180.0
163.6143012721132,180.0
163.4296789308285,180.0
164.8691365826432,180.0
162.20147433064082,180.0
164.8854666392428,180.0
148.03294201385904,164.0
163.77698436445934,180.0
164.79779097323166,180.0
2.6541045003718367,5.0
22.768134071106907,27.0
164.21771881314467,180.0
162.29363145073455,180.0
163.9584390120178,180.0
164.80651667458037,180.0
163.79493461496597,180.0
42.58046043832827,49.0
164.20016376993675,180.0
165.0745829907008,180.0
162.72707562313525,180.0
164.03957203802412,180.0
163.8696598726249,180.0
163.3619554411274,180.0
163.412101707681,180.0
164.21983315211722,180.0
164.614200276583,180.0
163.64152718750242,180.0
162.7428175160341,180.0
22.001257359626603,26.0
163.525754903118,180.0
0.7770432364350917,3.0
162.66686388828964,180.0
164.5145736356891,180.0
125.33795170377978,140.0
163.2853302816839,180.0
27.39249868750772,32.0
63.93983563076208,73.0
162.55248367677711,180.0
163.3904058615001,180.0
164.9479908429018,180.0
101.43950059910998,114.0
42.84655112133948,49.0
60.62573286849017,68.0
58.75458283641147,67.0
162.1676023347944,180.0
116.83750905286189,130.0
0.004137270263744219,2.0
164.11679179413727,180.0
140.55821010111637,157.0
163.1639244355488,180.0
164.93530565966188,180.0
163.34486203780577,180.0
164.2453071751439,180.0
163.46675933370724,180.0
163.6739518659996,180.0
163.7111869246494,180.0
163.51166568715246,180.0
165.9640871571022,180.0
164.82442407306735,180.0
72.92453159072556,83.0
164.94072875632693,180.0
164.06411521189435,180.0
161.9849075887565,180.0
115.4828152581473,130.0
86.98035920779276,98.0
126.68290246724398,142.0
163.05848225257984,180.0
48.08374346602918,55.0
164.02250080858988,180.0
164.09542671803723,180.0
163.62781185877824,180.0
0.8195066920539587,3.0
34.682321534153004,39.0
163.5318233894692,180.0
9.000573994629256,12.0
162.97726314028833,180.0
162.41258683335758,180.0
164.26585399712397,180.0
163.94351691045566,180.0
162.46093939948634,180.0
161.94411572616892,180.0
162.1683518018838,180.0
164.97705896265308,180.0
162.61674589816243,180.0
162.9879569732018,180.0
23.560274365565384,28.0
164.0537624946422,180.0
163.50918932763312,180.0
163.10571414362988,180.0
9.9640158201007,13.0
164.41227830412825,180.0
163.47375527672787,180.0
163.84891335204506,180.0
162.70168628781337,180.0
49.50504158282643,56.0
18.174709524899292,22.0
162.88025850545864,180.0
162.48360115282728,180.0
163.66560750625143,180.0
163.33561885159398,180.0
163.32576459480924,180.0
164.29923091505324,180.0
69.27511751983812,78.0
162.35566986300142,180.0
29.28032077257597,34.0
126.42562819775765,141.0
164.02210292133637,180.0
162.91310988621973,180.0
15.85526378789221,19.0
23.781226287012487,28.0
163.7743519208305,180.0
165.03184417461145,180.0
115.35421555594425,129.0
163.97932284951258,180.0
164.81661095212417,180.0
163.97488956601904,180.0
140.62868764031975,157.0
137.42626636242537,152.0
148.58766590273015,165.0
163.49161055088038,180.0
163.65306368463246,180.0
163.62787067949722,180.0
162.87681407714436,180.0
163.148762225836,180.0
163.92121862261592,180.0
163.77352692467196,180.0
163.355030065325,180.0
162.69005964785813,180.0
162.27655322953137,180.0
163.92433649994322,180.0
24.31425956717863,29.0
73.18465676422049,84.0
18.64092382052347,22.0
137.45918082017744,153.0
163.96756482076248,180.0
23.605623317117864,28.0
163.72979194904207,180.0
86.04125556178406,96.0
163.36379962620492,180.0
164.33293794643262,180.0
19.90025762348488,24.0
117.39486275928257,131.0
162.72072113814176,180.0
164.33304897023282,180.0
90.45448446057462,101.0
164.034121024894,180.0
163.0602933702185,180.0
135.4245156666616,151.0
163.3390977942258,180.0
162.90354129337206,180.0
58.259726087689735,66.0
163.69990570844504,180.0
88.49817061670136,100.0
155.89937497242397,174.0
162.7861153466949,180.0
72.41513476891413,82.0
162.30437719881843,180.0
51.123241429726974,58.0
14.512918682306129,18.0
163.05322716954282,180.0
163.12304986886602,180.0
163.72564716386626,180.0
37.16727371405968,43.0
19.579298488046827,23.0
164.20216697723117,180.0
58.758709413947884,66.0
12.240285940562622,15.0
163.8209402659463,180.0
163.40219087952082,180.0
0.9692383576757189,3.0
163.0308333791939,180.0
162.83100172225568,180.0
29.511214315060975,34.0
161.8723484180173,180.0
162.8939934156853,180.0
164.44669658933864,180.0
163.96957296390156,180.0
164.01864666873482,180.0
9.919740206963283,13.0
165.38337698998143,180.0
161.40575605897746,180.0
164.3079685965471,180.0
163.283070676442,180.0
93.00241448116842,105.0
21.28288519452056,25.0
162.86640576206543,180.0
164.40189934177823,180.0
162.9888108433481,180.0
60.49290049848231,68.0
163.04733562380875,180.0
164.09086073396531,180.0
163.5193955056361,180.0
164.07377983062025,180.0
163.47950661863595,180.0
118.11305699583042,132.0
73.11894674564736,82.0
164.6056001839164,180.0
163.8911987753008,180.0
162.98181751986985,180.0
163.15029066195297,180.0
164.6288650248735,180.0
163.05657984539775,180.0
10.965363067155344,14.0
163.9367496549528,180.0
164.07987077434734,180.0
163.13678637700988,180.0
163.92346655668428,180.0
163.76250354732053,180.0
150.52369214725155,168.0
18.992772758198612,23.0
162.4408229847883,180.0
161.50761442138153,180.0
114.1926117213076,126.0
163.61422137045793,180.0
163.34176780255072,180.0
164.4228949160695,180.0
163.7993467886147,180.0
162.93426399200044,180.0
163.64896219750491,180.0
64.91645251670367,73.0
0.907675285348241,3.0
162.8424843502211,180.0
22.52690608414433,27.0
162.13876272949287,180.0
163.96549332203847,180.0
164.1795717109463,180.0
162.73837585890425,180.0
164.40778426248642,180.0
41.16776036358123,47.0
39.24232333728103,45.0
162.5286686915,180.0
164.0494495860847,180.0
164.15867416451798,180.0
163.03025606990323,180.0
163.50097381751033,180.0
163.586817717706,180.0
164.3102808814638,180.0
162.58529382405015,180.0
163.9318293082513,180.0
164.7225456221557,180.0
163.72100218773807,180.0
163.62119841256035,180.0
4.4030136010396825,7.0
164.46183410352512,180.0
163.24107344509966,180.0
163.36020991444875,180.0
162.74714551724318,179.0
165.8716987812189,180.0
165.60950025429722,180.0
162.71457209278165,180.0
40.54371115018448,46.0
164.1877854123367,180.0
39.3730531858249,45.0
94.31535230668445,105.0
43.921513814830135,50.0
164.27714999498116,180.0
162.31026378133112,180.0
163.70789850846433,180.0
112.19822477679188,126.0
163.80954789850418,180.0
22.14886901793766,26.0
164.5556935242781,180.0
162.50123768183522,180.0
127.1880381341961,141.0
148.9072209485158,167.0
165.18321626778703,180.0
163.67821171482916,180.0
162.17755796099988,180.0
163.64702549197506,180.0
163.39951357240068,180.0
14.45581340576419,18.0
162.5649548972188,180.0
162.81301832685787,180.0
163.79663416966838,180.0
163.62761175072777,180.0
163.4730288475803,180.0
119.14852439178019,133.0
163.69910863424218,180.0
164.82265767032317,180.0
163.0545078445284,180.0
146.80570074408968,162.0
1.8122686531548606,4.0
138.34564901321798,154.0
14.508010552401169,18.0
162.8420478173668,180.0
164.8785636642904,180.0
163.97048547675828,180.0
161.2258269795329,180.0
163.29530913032616,180.0
101.12075618849299,113.0
115.28103159646565,128.0
163.79208448162674,180.0
20.001318299176052,24.0
165.38537055305417,180.0
163.3913335709032,180.0
34.65245403444203,40.0
104.8275427715744,116.0
164.86155676026786,180.0
9.91549662171926,13.0
165.0304059177508,180.0
74.29215929641451,84.0
164.09126199842945,180.0
164.55531283809574,180.0
162.97164626651576,180.0
164.39347763825126,180.0
162.06432390966862,180.0
52.52432474868813,60.0
164.5835409464262,180.0
105.69949286180025,118.0
162.40292578038213,180.0
162.68904892422947,180.0
6.367949161368118,9.0
57.61173338216585,65.0
163.0889341021797,180.0
15.72334155042634,19.0
116.42445183410993,130.0
164.06667738612495,180.0
164.29830310527558,180.0
164.12970563204863,180.0
164.2574877231911,180.0
164.6167428646946,180.0
163.17881942059185,180.0
62.603738539915184,71.0
164.09571158821652,180.0
145.46936993524852,162.0
160.79674044019137,180.0
164.13528991112395,180.0
165.11826145333436,180.0
3.7106435925030055,6.0
164.17726729227186,180.0
164.6772365018219,180.0
162.3524627856294,180.0
121.15176215532796,134.0
20.357076357276263,24.0
163.42430982727214,180.0
164.9553438184035,180.0
164.62286540082798,180.0
162.90663089930217,180.0
163.84496797249534,180.0
164.4835462393108,180.0
146.25292476362384,164.0
135.60234555019497,150.0
164.11333697107733,180.0
162.92872182181682,180.0
77.66133472667632,87.0
114.57558856744498,128.0
164.07920782566714,180.0
43.13570713573249,49.0
-0.005296692000406833,2.0
164.71031961483533,180.0
163.6654509967828,180.0
163.69803128129075,180.0
163.3880369371103,180.0
116.2528683937003,130.0
164.96725199172238,180.0
166.23877788704485,180.0
99.29524179675803,111.0
164.10193284243115,180.0
164.42363008597914,180.0
164.3348294742214,180.0
163.29038901475707,180.0
163.03020229102546,180.0
164.86207341626093,180.0
164.76350017983356,180.0
6.560132270543795,9.0
163.8272751506795,180.0
162.69986271512784,180.0
33.338936854025626,39.0
161.79876836753658,180.0
162.04936116029762,180.0
162.78802077856943,180.0
102.28647607150273,115.0
164.47899293661933,180.0
163.6057889098437,180.0
163.46993784299252,180.0
163.22099240630766,180.0
130.19485114448136,145.0
164.59460309786166,180.0
163.8470326084956,180.0
163.9643117491701,180.0
164.99624737770594,180.0
163.5596033340831,180.0
164.84343050641232,180.0
165.08231869935662,180.0
6.670404943910519,9.0
112.94534681194114,125.0
36.28662506709559,41.0
164.27038246112724,180.0
72.5002797054643,81.0
164.12629670417584,180.0
64.30418102825502,73.0
159.65354600255995,179.0
162.9280987836532,180.0
162.38924958108802,180.0
62.19012910892224,71.0
164.96536895606877,180.0
162.6917829091905,180.0
163.64877356042496,180.0
30.423880483381318,35.0
165.0000551986861,180.0
163.22713639167495,180.0
163.67982393728997,180.0
165.33021992783898,180.0
165.07926798898595,180.0
163.43682488243928,180.0
162.13873215041912,180.0
165.36243759124815,180.0
163.10358972303817,180.0
164.1205392452955,180.0
164.64138092922056,180.0
164.1171534764948,180.0
163.3190766284736,180.0
165.5505259197123,180.0
162.8250869009557,180.0
163.90918136492098,180.0
165.23004354837377,180.0
15.529457809482153,19.0
163.84118972308087,180.0
164.02356930370433,180.0
40.95486984603349,47.0
165.33250698137078,180.0
163.9637857751458,180.0
163.88188098969556,180.0
155.77351217001103,174.0
65.93255398589724,74.0
164.1056592018641,180.0
163.66298995039008,180.0
21.417319589441455,25.0
104.48431939109085,116.0
163.5583592368335,180.0
164.37345743097939,180.0
165.72240493715464,180.0
164.51011880718283,180.0
2.6000750429141712,5.0
164.59075356550343,180.0
163.69682305017784,180.0
49.41584899075009,56.0
72.48492260152354,81.0
164.42723441850245,180.0
163.73125772539777,180.0
163.96818040790714,180.0
163.02602509069285,180.0
20.156991508067744,24.0
83.72308734329481,94.0
23.98362959111824,28.0
165.71869253792266,180.0
52.1513651878832,60.0
164.92861610941645,180.0
163.88678226266552,180.0
163.54322438180625,180.0
49.47012153816797,56.0
162.93775966674903,180.0
23.74512840694668,28.0
164.6938483472475,180.0
0.929895534962598,3.0
59.55338417469292,67.0
164.6290449659682,180.0
164.38279800350335,180.0
46.73874113176405,53.0
61.48416369328703,69.0
163.23400735069754,180.0
162.46967410704963,180.0
24.91708394610901,29.0
165.21175450615297,180.0
46.19806770274492,53.0
163.41323916148488,180.0
164.13577458931394,180.0
8.269920369604849,11.0
10.932206775216528,14.0
163.8895010900604,180.0
11.115494555647814,14.0
164.122492829009,180.0
163.9821782455859,180.0
163.85107071610543,180.0
4.516947185194268,7.0
164.1622112800065,180.0
164.94542215419176,180.0
28.69320439547343,33.0
163.9572589700726,180.0
164.45562919581312,180.0
40.13518495727198,46.0
163.3448333907207,180.0
164.80109581413362,180.0
165.82333196489301,180.0
14.790396918117363,18.0
39.50547919983137,45.0
164.24747878910722,180.0
164.00341074784905,180.0
26.502101645900343,31.0
164.60064102332882,180.0
163.63922921657846,180.0
163.55103910826605,180.0
10.297980521561204,13.0
163.81328293500022,180.0
162.38978526001677,180.0
45.125090925447985,51.0
165.09012599299592,180.0
165.14618345394754,180.0
165.10906094168826,180.0
14.65736802352848,18.0
165.69786380422335,180.0
164.37864677995475,180.0
165.43648991144676,180.0
164.21760082062363,180.0
162.3003386174107,180.0
163.84650464453046,180.0
139.13410647963943,155.0
10.701676831650238,14.0
163.70801783528051,180.0
163.3677227050422,180.0
76.36856305693381,86.0
94.13481763161455,105.0
162.63443970230588,180.0
10.193356769374105,13.0
54.9245996987102,62.0
84.11211742062498,94.0
164.79126677031525,180.0
164.85472340022503,180.0
163.50656287152026,180.0
165.08975601457155,180.0
164.03794830416348,180.0
164.11906305006607,180.0
165.9085081231191,180.0
164.28337255509294,180.0
164.19839636279536,180.0
47.955228204569224,54.0
163.63213538018377,180.0
163.5352264899555,180.0
163.9755929223478,180.0
36.355718032332945,41.0
163.8014872323478,180.0
163.30578166840323,180.0
164.69670942804018,180.0
163.5545990942263,180.0
12.979760360290475,16.0
163.66813601484688,180.0
164.13096361285184,180.0
54.640085439514955,62.0
78.09806256774131,87.0
22.734220076239335,27.0
12.932932903826542,16.0
53.30962789780331,61.0
81.18362869542356,90.0
163.9790230472967,180.0
163.55790296727008,180.0
162.86202555747866,180.0
163.14135999109547,180.0
36.43495733437893,41.0
162.3844955244329,180.0
163.67147543907777,180.0
163.44343584395244,180.0
164.9662509173423,180.0
165.26597373429718,180.0
163.0367677666013,180.0
137.1757206742739,151.0
164.50055771470687,180.0
163.52778802665355,180.0
164.28436902699485,180.0
164.37964543867596,180.0
163.1385058596638,180.0
165.38650395431193,180.0
163.68174985561504,180.0
138.58940179333155,154.0
82.71079087936387,93.0
163.13169356621964,180.0
164.40443231444056,180.0
82.03160212931019,93.0
163.92367171059033,180.0
163.98562489654455,180.0
162.6961144062571,180.0
165.04741394253386,180.0
7.318732253221878,10.0
163.68788905250543,180.0
164.7437440987964,180.0
163.775818379498,180.0
163.57897972011915,180.0
164.3490596792933,180.0
164.42794310973034,180.0
36.0081448368292,41.0
60.91592814259562,69.0
164.8843448675658,180.0
163.00121874040258,180.0
163.95017971504612,180.0
164.21868710240454,180.0
164.11965799115495,180.0
162.01307004634714,180.0
7.642758338921884,10.0
163.74736380529734,180.0
13.100910226960716,16.0
163.09973661720534,180.0
164.41511670248934,180.0
163.3046833973446,180.0
11.086008589180176,14.0
18.780135516160183,22.0
163.72052750047112,180.0
163.38576596167826,180.0
16.868757277236764,20.0
10.10699957261371,13.0
34.868606590458235,40.0
164.54390345394992,180.0
164.59151512974753,180.0
164.38634610996164,180.0
164.50017766473638,180.0
163.98845704373767,180.0
164.2444497588629,180.0
163.49640097879853,180.0
164.98354495701864,180.0
163.672451651123,180.0
138.94807742441583,153.0
21.764932858922815,26.0
163.96509224011388,180.0
13.295952805313169,16.0
164.53954876698185,180.0
37.479449221561566,43.0
162.7967686431638,180.0
163.63740183521296,180.0
158.01730352322681,175.0
139.79861616012926,155.0
164.06908052344065,180.0
39.167338858947424,45.0
164.68623183413231,180.0
164.87156514129532,180.0
163.010111578262,180.0
162.5729778322839,180.0
141.56088968452795,157.0
156.81539420928536,172.0
53.48420775179312,61.0
163.8439505610816,180.0
127.89200839133179,143.0
162.92720754406284,180.0
40.258096884334414,46.0
164.12720416626476,180.0
165.49843289933838,180.0
163.35513783008798,180.0
164.7801640079737,180.0
123.3191177466443,138.0
162.56563086959375,180.0
161.81056095272479,180.0
106.70802620248573,119.0
8.428165668873035,11.0
163.7311840010796,180.0
165.0672352969001,180.0
163.219053931044,180.0
142.6396567161933,159.0
163.87622095851708,180.0
161.29078175668965,180.0
31.377956188483758,36.0
164.34771241407304,180.0
16.517657114222363,20.0
22.19561259746794,26.0
118.01479470608811,131.0
163.09063009682063,180.0
162.32198077379493,180.0
164.74670965123707,180.0
162.18045702729054,180.0
30.97826654518505,36.0
101.79447959156028,114.0
26.528757758878044,31.0
162.58256022363418,180.0
77.27877584929857,88.0
162.28942497459605,180.0
162.97671935001614,180.0
163.2813940709354,180.0
164.55562773306363,180.0
74.9079609921421,84.0
161.88594056178306,180.0
164.9218814711986,180.0
163.8274187471352,180.0
70.19592909512448,79.0
164.73331420671533,180.0
67.41027607921397,75.0
164.06472658487667,180.0
8.13441158257372,11.0
164.01532152747086,180.0
90.59985454944564,102.0
162.14574300250717,180.0
66.244241795803,74.0
162.83871188690964,180.0
163.69889807114583,180.0
164.19728315802826,180.0
163.23980153510604,180.0
4.7652509097022735,7.0
14.739503829675819,18.0
164.72501899220654,180.0
163.45582786976567,180.0
156.31392181392567,174.0
20.985798048709096,25.0
40.774756193905475,46.0
163.47409162948344,180.0
162.99624283050292,180.0
163.98547356517176,180.0
164.17182012796667,180.0
27.115755021972117,31.0
50.21965536001956,57.0
162.1643174861128,180.0
163.72509883822977,180.0
138.58789084546294,154.0
163.57237207786187,180.0
13.575623075796399,17.0
123.96499594816004,139.0
164.08999127612964,180.0
164.31749072441337,180.0
162.0010092604139,180.0
164.83973047693837,180.0
148.43538318616322,167.0
4.570195499826482,7.0
10.744434949288703,14.0
23.77609472693436,28.0
5.392369046422182,8.0
32.026849298989305,37.0
0.8306237694648329,3.0
162.0388702316219,180.0
162.58562160982558,180.0
69.68655828799415,79.0
96.15389884360383,108.0
108.26070072594518,121.0
165.05896465348334,180.0
163.75048925563624,180.0
1.7400886598753325,4.0
162.48799596893724,180.0
163.54953098219292,180.0
153.2525389236195,171.0
161.6687970922369,180.0
163.5796388296726,180.0
120.35401598144543,135.0
163.0366956618655,180.0
128.1794940283231,143.0
164.68639701711098,180.0
89.98840754975748,101.0
163.54930690344742,180.0
162.49309178643333,180.0
163.90932249036976,180.0
162.94906197792784,180.0
162.86017584599864,180.0
163.8002751019943,180.0
162.76982740844562,180.0
162.6462609204431,180.0
163.89429042546217,180.0
162.61961090219364,180.0
162.96430265274716,180.0
9.356803933670145,12.0
7.4668192068636605,10.0
162.90385288787775,180.0
163.51613497059589,180.0
163.93621645796742,180.0
163.69667489873635,180.0
163.07441563351486,180.0
163.6092636906472,180.0
163.41448051034067,180.0
134.23996590554523,150.0
162.9271765735451,180.0
162.88663374232536,180.0
163.05908091148837,180.0
163.78636419291806,180.0
164.2675579578624,180.0
162.4518207854409,180.0
162.05742896643977,180.0
73.07248267672031,83.0
162.37357094572175,180.0
163.8438460693551,180.0
163.93609270693614,180.0
15.875973109691092,19.0
161.77507292862853,180.0
166.01484025519028,180.0
19.128013879969778,23.0
161.65887871730553,180.0
163.74913313895567,180.0
162.33813236103475,180.0
163.71028115345598,180.0
17.7187217473034,21.0
133.97291966442017,150.0
161.09602622106894,180.0
163.43783209308717,180.0
162.8896696292075,180.0
163.86875448150545,180.0
162.5227697451834,180.0
121.38424341670256,136.0
51.41828139608354,59.0
164.95204356482864,180.0
130.05767943695605,145.0
67.86444969062383,76.0
162.78505500874414,180.0
164.0278426148503,180.0
161.25925781175525,180.0
3.45684628185466,6.0
164.40287727722887,180.0
3.485445652097066,6.0
160.94294943713606,180.0
163.16826534400386,180.0
5.542546421604293,8.0
33.12232385746842,38.0
72.19875504742997,81.0
162.32850002413656,180.0
132.05771927246238,148.0
163.27547562795579,180.0
6.552720498754601,9.0
163.36566740111274,180.0
108.77830586137343,121.0
164.33399195430493,180.0
164.00926552370012,180.0
163.21551547257968,180.0
161.50893237193287,180.0
163.86537758340492,180.0
163.92089061471245,180.0
0.902195046199239,3.0
161.81205323998884,180.0
163.2839961815606,180.0
162.9569642662446,180.0
163.74608022726466,180.0
163.68285809675658,180.0
0.9397714861688841,3.0
21.303520662723486,25.0
162.9574987645782,180.0
162.9900725888281,180.0
48.091132728533694,55.0
163.96512247785833,180.0
163.23801061398777,180.0
163.31306003405686,180.0
162.2593997491939,180.0
163.6577885649473,180.0
162.30093262292277,180.0
0.7734594489419562,3.0
164.67001459863593,180.0
86.16544303251827,97.0
162.7271571371567,180.0
161.2422475428173,180.0
163.70893897870957,180.0
97.04005652046573,109.0
162.85387082118814,180.0
164.7617935958136,180.0
163.99928626575706,180.0
163.67516953717742,180.0
6.325272928355144,9.0
104.94419551046217,117.0
164.06346103285517,180.0
2.737014098979957,5.0
163.3115625684774,180.0
152.83569832254668,172.0
163.3146605518668,180.0
164.48658611264858,180.0
164.03002852544037,180.0
163.98637125480545,180.0
162.69170358077002,180.0
163.6533282695233,180.0
161.90230752031493,180.0
162.26960311279484,180.0
145.43334266302188,163.0
162.9820203276834,180.0
162.63965188699078,180.0
118.9231119967261,135.0
73.67419299454605,84.0
1.7730450435059977,4.0
164.954723596383,180.0
162.20760845074935,180.0
81.47683836402159,92.0
162.37116664133725,180.0
163.91272613347508,180.0
164.11839599662585,180.0
154.15716530390168,172.0
164.84064783938987,180.0
163.2412951411912,180.0
123.1822416220585,137.0
163.01930749958117,180.0
163.65097222245282,180.0
31.132561039475384,36.0
21.072818803944145,25.0
62.46268081541582,71.0
152.06223712715968,169.0
163.55510525928278,180.0
164.86519705834772,180.0
40.176983043073925,46.0
112.08164312507151,126.0
162.5345073332688,180.0
1.7472711607353206,4.0
43.64409088552874,50.0
162.58305046553863,180.0
162.83930801778473,180.0
164.16764593760323,180.0
80.77843917933343,90.0
163.21597529723167,180.0
43.8123802098079,50.0
148.23580721777796,165.0
14.87942746543552,18.0
55.35944377516719,62.0
16.511765775818628,20.0
162.8848250611806,180.0
165.08092124019137,180.0
44.21894304370524,50.0
163.7178824122001,180.0
162.80995689023464,180.0
162.53479848851572,180.0
162.53970299914485,180.0
163.86461266547033,180.0
163.39315541526645,180.0
163.63838833249932,180.0
88.22746443938146,99.0
162.8684857180765,180.0
85.99531705313733,96.0
164.08885335874203,180.0
163.5815033697472,180.0
163.78937970749564,180.0
162.66729371303518,180.0
4.7095586922437445,7.0
5.51531470985895,8.0
163.45423409693012,180.0
163.1198349435032,180.0
157.65957408595224,176.0
164.62867853168186,180.0
16.36183855510072,20.0
161.00928425257803,178.0
162.86094574464096,180.0
163.86139835935157,180.0
163.55279413088363,180.0
38.44147329166434,44.0
163.40659641776202,180.0
12.165988268679893,15.0
164.16678272092133,180.0
12.12514467084209,15.0
115.16381331775428,128.0
128.07192131084682,142.0
5.487586057187951,8.0
112.25893560042412,125.0
163.7073643491054,180.0
161.6697874935543,180.0
160.54616461059368,179.0
164.78262286050818,180.0
161.95365240028764,180.0
162.64294386543799,180.0
50.544359521087344,58.0
163.04946564514958,180.0
162.08354538030747,180.0
164.75461083260473,180.0
17.9516980939147,21.0
68.96749480443737,77.0
164.53475742839768,180.0
162.1490448095818,180.0
163.07093915682165,180.0
165.87337129120837,180.0
163.1566990744797,180.0
163.23382454170235,180.0
164.20900255032583,180.0
161.68951729693393,180.0
162.18378677942383,180.0
165.557913818205,180.0
163.25538002297725,180.0
165.3708792563732,180.0
11.252744742577576,14.0
162.08788972863704,180.0
163.63977891073455,180.0
162.99926664379103,180.0
165.24263554264488,180.0
164.59301950601247,180.0
163.99647885530288,180.0
103.68129317141664,117.0
162.95380538966558,180.0
164.79535717018675,180.0
164.69731806841955,180.0
164.25012276587768,180.0
164.38577450607414,180.0
164.34210075266387,180.0
164.19025426592236,180.0
164.30164175676896,180.0
162.92765606616368,180.0
163.94057263763392,180.0
163.3663323686529,180.0
164.66011097995232,180.0
88.53040767882175,99.0
109.26190266953199,122.0
164.51925671411843,180.0
37.14649577006213,43.0
165.1694625445845,180.0
55.71396080237303,63.0
163.9498245586035,180.0
162.52851599214515,180.0
164.28604180707796,180.0
163.71984580588258,180.0
165.28531783086638,180.0
162.4173159505718,180.0
163.8027114925474,180.0
165.3075936925911,180.0
162.7892817811289,180.0
20.074069603354648,24.0
103.86366256438515,116.0
162.55130952851684,180.0
160.30457269431056,177.0
163.4387251974595,180.0
92.75316805667839,103.0
164.2511208730819,180.0
163.21200683767842,180.0
125.3189795600669,139.0
164.5711070581378,180.0
163.76525802156422,180.0
163.7223977901411,180.0
163.67073707648674,180.0
164.2490089789039,180.0
113.30239550446309,127.0
163.14727133466107,180.0
164.9558838371525,180.0
103.2005014957686,116.0
163.76119356543205,180.0
162.89362326011207,180.0
34.1100293938165,40.0
20.401395426016588,24.0
164.02392669659898,180.0
162.67791713165144,180.0
164.74784920979246,180.0
164.91964616398943,180.0
164.26564612674787,180.0
138.0877348069655,154.0
164.00324529173972,180.0
161.33921517368498,180.0
164.198195001595,180.0
164.22860047830972,180.0
164.75122102530895,180.0
39.68295271658795,45.0
163.3596292797464,180.0
37.895521479677974,44.0
164.41103828834284,180.0
162.9785223328122,180.0
163.79949655428493,180.0
162.69128931535957,180.0
1.7143218603865644,4.0
162.3753870518855,180.0
164.1219070085491,180.0
163.09273567376607,180.0
163.736394564447,180.0
163.61107710745617,180.0
163.93390441425564,180.0
163.84638563333658,180.0
163.3985407024248,180.0
163.3637420460808,180.0
164.92771033657772,180.0
51.214699376328355,58.0
161.29673159394017,180.0
164.90297778925452,180.0
163.13212633507462,180.0
163.92020591445328,180.0
164.01798146004856,180.0
5.405557312952718,8.0
47.166598394720744,54.0
164.3193458215197,180.0
164.55413911852278,180.0
163.00317124671145,180.0
164.00938600855056,180.0
165.32349919193675,180.0
164.36505460880468,180.0
10.074592512640526,13.0
41.9523590869138,48.0
129.3616491928859,145.0
163.47021574245625,180.0
164.33955964669428,180.0
30.943279510519556,35.0
163.6623297903145,180.0
83.78801559995237,94.0
0.8427041881763169,3.0
48.57805687194108,55.0
164.79401040582857,180.0
83.50893855327615,94.0
163.19460677807126,180.0
113.40995818481645,127.0
163.4332035830389,180.0
164.59761668479547,180.0
163.5538459818526,180.0
164.01644493490514,180.0
162.39858183038695,180.0
164.7611782693135,180.0
165.17784565961426,180.0
164.3464427111827,180.0
21.676387894195106,25.0
0.8645249995044613,3.0
139.42943593709327,155.0
164.08883778509554,180.0
65.81314521789983,74.0
163.88501235656707,180.0
159.2168921941328,177.0
163.93388382425857,180.0
164.41581219318832,180.0
89.68607750669202,100.0
143.89965362307626,161.0
163.9569786893911,180.0
161.82013463773688,180.0
164.6600551946133,180.0
14.660919616756093,18.0
164.27986394850197,180.0
41.00215731279639,47.0
162.4831019778081,180.0
51.28073093321334,59.0
164.0357601723688,180.0
93.7180480462906,105.0
163.85857610763708,180.0
164.12039786045366,180.0
162.50624155062388,180.0
164.17287393131028,180.0
32.83212890193847,38.0
162.5270153742047,180.0
163.12274234798215,180.0
163.86623208282026,180.0
90.81265836392295,101.0
160.00884255357295,179.0
163.29087190466115,180.0
40.36817618755856,45.0
163.93131914077676,180.0
163.58402020499017,180.0
164.31990108973096,180.0
29.616364007689434,35.0
79.64702048180907,90.0
163.55041399755171,180.0
57.39949222571206,64.0
162.7962725052865,180.0
164.5538640808492,180.0
163.48413814476257,180.0
163.76674357802307,180.0
84.83391078055884,95.0
164.77653296590938,180.0
101.99645403445669,115.0
163.71319922966367,180.0
164.44155066596952,180.0
163.29379777086743,180.0
165.40087827152837,180.0
120.48177400725992,134.0
163.41061654367888,180.0
165.0443498934541,180.0
164.10308253395414,180.0
42.13158279856835,48.0
163.36283931860493,180.0
164.50879780189914,180.0
2.850308253746409,5.0
162.9704402296333,180.0
13.097016029181273,16.0
165.77376050889416,180.0
163.48518939277295,180.0
164.2140886033748,180.0
114.59596803655536,126.0
34.374607648379936,40.0
163.09899618555582,180.0
165.5385098447996,180.0
163.56241961187038,180.0
34.91651383301267,40.0
69.1037118638327,77.0
67.30128216924604,75.0
164.304436566104,180.0
47.30747771950369,54.0
164.42380517630116,180.0
19.267761228820923,23.0
163.7333844976774,180.0
164.33077361081303,180.0
17.557187049817887,21.0
163.57949249394179,180.0
131.04093591841774,145.0
14.018449642806216,17.0
165.18461584302983,180.0
162.75882321723728,180.0
164.12250017757253,180.0
162.60395750344207,180.0
139.7181376748583,155.0
121.47466138022773,135.0
162.8674113825522,180.0
14.631056036550941,18.0
165.03509125890332,180.0
164.6004245848093,180.0
8.942975072259427,12.0
163.48690419407455,180.0
154.58799662650748,171.0
142.59474753789212,158.0
126.4178620669165,141.0
3.7539162269723914,6.0
164.47869552160154,180.0
165.26122573229893,180.0
161.92498461140212,180.0
164.26525972042222,180.0
161.70299402195815,180.0
163.6168550068362,180.0
2.5615744858152487,5.0
164.58941527244133,180.0
164.16491771114855,180.0
163.2403748356224,180.0
117.0755915851799,131.0
163.73963712694373,180.0
164.24976799282254,180.0
162.96056109204295,180.0
87.4491886135487,97.0
163.80026734692092,180.0
164.64759129369423,180.0
163.45244155679987,180.0
164.15442417582864,180.0
162.63983131208053,180.0
108.97286935219103,121.0
68.56150804082438,78.0
163.28416926896205,180.0
163.66761793856577,180.0
165.26256698822547,180.0
162.629544855878,180.0
165.35536996126075,180.0
149.22797597080793,165.0
165.3544664666542,180.0
163.98924700186777,180.0
163.7828699986841,180.0
163.8056120444562,180.0
164.80649438036252,180.0
162.30757141531475,180.0
164.31344851829303,180.0
164.8912744967409,180.0
13.746074617329597,17.0
163.67382571771603,180.0
165.43734613750522,180.0
164.70339831017955,180.0
165.79254368430117,180.0
163.96706249615977,180.0
165.20523083697194,180.0
164.44095402231073,180.0
163.87303525367184,180.0
163.2289760604669,180.0
151.9171611210964,168.0
28.355903844543388,33.0
165.99903556875873,180.0
164.86106067194336,180.0
109.23988012441195,121.0
164.74977014123735,180.0
40.760785868276834,46.0
95.94758093346005,107.0
162.78458250157217,180.0
164.61968178335948,180.0
164.42348950813277,180.0
163.7127600572691,180.0
163.45564712050344,180.0
164.6902559091925,180.0
163.09628425151254,180.0
164.3892626323222,180.0
164.46461848250618,180.0
165.53200245892063,180.0
136.01966260964042,151.0
164.81851801866574,180.0
